t,x,y,z,vx,vy,vz
1.0000,0.194269,0.195617,-0.013955,0.351520,0.359757,-0.001757
2.0000,0.652354,0.658460,-0.018340,0.546942,0.540808,-0.013823
3.0000,1.264553,1.262930,-0.015937,0.668689,0.672472,0.006108
4.0000,1.977331,1.973221,-0.015678,0.758155,0.753298,-0.004574
5.0000,2.795801,2.782535,-0.026612,0.876579,0.868021,-0.003489
6.0000,3.725175,3.704097,-0.035850,0.977008,0.971873,-0.011576
7.0000,4.744081,4.728372,-0.052050,1.065015,1.063756,-0.018567
8.0000,5.851835,5.833534,-0.081867,1.152563,1.149907,-0.042226
9.0000,7.057604,7.025269,-0.133536,1.255156,1.229520,-0.053441
10.0000,8.352140,8.304058,-0.192794,1.338779,1.322578,-0.065609
11.0000,9.734939,9.677078,-0.261985,1.436649,1.433728,-0.066264
12.0000,11.211998,11.147401,-0.344267,1.524469,1.511261,-0.099359
13.0000,12.775588,12.702995,-0.450810,1.612818,1.607908,-0.120510
14.0000,14.424862,14.352280,-0.592321,1.692538,1.695692,-0.158585
15.0000,16.154335,16.096749,-0.767603,1.764903,1.785303,-0.199596
16.0000,17.968723,17.914657,-0.993173,1.854894,1.861503,-0.251564
17.0000,19.867871,19.815686,-1.275654,1.943151,1.944398,-0.305312
18.0000,21.855347,21.798333,-1.600012,2.032787,2.021487,-0.352995
19.0000,23.926647,23.859853,-1.985981,2.111837,2.100409,-0.418783
20.0000,26.076595,26.001866,-2.437737,2.181436,2.180800,-0.483455
21.0000,28.295831,28.217455,-2.957889,2.255982,2.255554,-0.566781
22.0000,30.600427,30.513805,-3.567158,2.339521,2.335360,-0.654092
23.0000,32.975389,32.878522,-4.256373,2.411764,2.404805,-0.726917
24.0000,35.419812,35.319709,-5.041840,2.476851,2.477858,-0.835684
25.0000,37.938137,37.832017,-5.922966,2.556310,2.548754,-0.935751
26.0000,40.518732,40.414888,-6.901631,2.610458,2.616759,-1.031747
27.0000,43.164846,43.068322,-7.995742,2.683882,2.686886,-1.147995
28.0000,45.876924,45.786175,-9.208220,2.738832,2.744042,-1.276930
29.0000,48.647828,48.561333,-10.551309,2.797123,2.803871,-1.399263
30.0000,51.475052,51.395724,-12.014871,2.863025,2.863655,-1.535131
31.0000,54.369881,54.285546,-13.612394,2.922797,2.922097,-1.672634
32.0000,57.328502,57.237179,-15.351986,2.985786,2.978981,-1.807823
33.0000,60.337417,60.237421,-17.233039,3.037050,3.028286,-1.959140
34.0000,63.396476,63.288214,-19.264820,3.083088,3.079361,-2.108902
35.0000,66.504395,66.395438,-21.460083,3.131070,3.129657,-2.275468
36.0000,69.656658,69.554671,-23.811317,3.177716,3.182702,-2.432378
37.0000,72.851168,72.753506,-26.326972,3.205150,3.215447,-2.603561
38.0000,76.082782,75.990959,-29.010297,3.249966,3.256327,-2.765865
39.0000,79.340617,79.256981,-31.858762,3.277700,3.281189,-2.928047
40.0000,82.641702,82.563044,-34.878243,3.324427,3.331147,-3.113059
41.0000,85.980966,85.899600,-38.070069,3.353570,3.345454,-3.278636
42.0000,89.345658,89.263905,-41.442622,3.377713,3.374944,-3.465853
43.0000,92.728443,92.655693,-44.994725,3.388067,3.400299,-3.641352
44.0000,96.129825,96.070812,-48.721285,3.413714,3.429921,-3.804412
45.0000,99.561312,99.508363,-52.615018,3.433977,3.440600,-3.986515
46.0000,103.008505,102.955200,-56.687344,3.455701,3.451793,-4.162478
47.0000,106.468323,106.415664,-60.939462,3.468272,3.469917,-4.335563
48.0000,109.945189,109.888874,-65.351615,3.487469,3.487514,-4.501049
49.0000,113.430088,113.386574,-69.937952,3.492592,3.498150,-4.674893
50.0000,116.927728,116.883083,-74.697871,3.497099,3.496651,-4.844010
51.0000,120.430243,120.375463,-79.614699,3.504603,3.495666,-4.994024
52.0000,123.928477,123.875578,-84.673388,3.499289,3.503304,-5.133429
53.0000,127.426195,127.374218,-89.894238,3.494241,3.497773,-5.292756
54.0000,130.911313,130.861419,-95.259945,3.477052,3.473966,-5.446105
55.0000,134.390401,134.338478,-100.772944,3.475488,3.478687,-5.581847
56.0000,137.862067,137.809787,-106.419835,3.468860,3.460290,-5.707767
57.0000,141.318789,141.267186,-112.183401,3.440416,3.452027,-5.816514
58.0000,144.749680,144.703027,-118.064448,3.423836,3.418726,-5.937665
59.0000,148.159185,148.106608,-124.057597,3.405408,3.392259,-6.055112
60.0000,151.555044,151.494303,-130.154232,3.386124,3.377808,-6.138992
61.0000,154.930697,154.861809,-136.335892,3.359631,3.352830,-6.228229
62.0000,158.271226,158.201955,-142.599302,3.336147,3.331221,-6.292268
63.0000,161.587181,161.521538,-148.927182,3.299081,3.302392,-6.353072
64.0000,164.863990,164.799960,-155.306608,3.256222,3.256500,-6.404128
65.0000,168.099745,168.035939,-161.727429,3.216506,3.211187,-6.436826
66.0000,171.290589,171.228556,-168.184521,3.168224,3.171560,-6.462517
67.0000,174.438549,174.382670,-174.657342,3.130189,3.130900,-6.477876
68.0000,177.539963,177.492815,-181.142446,3.078027,3.077889,-6.488889
69.0000,180.599479,180.546836,-187.619942,3.030221,3.023218,-6.473309
70.0000,183.607034,183.551687,-194.075617,2.992569,2.986419,-6.443900
71.0000,186.569081,186.509350,-200.503819,2.935089,2.931727,-6.416626
72.0000,189.475972,189.411969,-206.904959,2.875514,2.870803,-6.370781
73.0000,192.322709,192.253364,-213.243137,2.817003,2.810937,-6.306834
74.0000,195.105677,195.037331,-219.508977,2.748590,2.759553,-6.229019
75.0000,197.826453,197.760686,-225.696345,2.691634,2.684307,-6.135094
76.0000,200.480224,200.414104,-231.782243,2.616983,2.615880,-6.034575
77.0000,203.070288,202.992536,-237.750852,2.555481,2.541480,-5.901397
78.0000,205.584383,205.498159,-243.591697,2.485638,2.472049,-5.778691
79.0000,208.036772,207.937197,-249.306127,2.422393,2.404526,-5.639004
80.0000,210.412215,210.308298,-254.866310,2.337221,2.334518,-5.472963
81.0000,212.711589,212.605500,-260.260384,2.260048,2.259369,-5.307442
82.0000,214.932033,214.831165,-265.478729,2.185137,2.188733,-5.130096
83.0000,217.077549,216.980890,-270.515500,2.112967,2.108938,-4.932371
84.0000,219.150799,219.050138,-275.352059,2.025060,2.031968,-4.738141
85.0000,221.137020,221.044483,-279.980005,1.946348,1.955162,-4.515625
86.0000,223.042054,222.959651,-284.381770,1.858196,1.874587,-4.283094
87.0000,224.865125,224.788554,-288.547206,1.791251,1.791304,-4.040143
88.0000,226.607198,226.532823,-292.469900,1.695602,1.699380,-3.796666
89.0000,228.256018,228.193576,-296.131754,1.599854,1.619220,-3.528028
90.0000,229.820857,229.764553,-299.537115,1.516820,1.516178,-3.276157
91.0000,231.291630,231.227700,-302.680301,1.425548,1.424132,-3.005299
92.0000,232.669870,232.604057,-305.546505,1.324393,1.330248,-2.723450
93.0000,233.956698,233.891624,-308.128484,1.240899,1.247562,-2.438112
94.0000,235.157818,235.090550,-310.427751,1.151553,1.152492,-2.156091
95.0000,236.263626,236.197233,-312.447358,1.059502,1.055026,-1.872524
96.0000,237.277986,237.215257,-314.161197,0.974422,0.980775,-1.566511
97.0000,238.207670,238.149934,-315.564905,0.891741,0.885118,-1.240862
98.0000,239.050248,238.983804,-316.657487,0.796033,0.785022,-0.941164
99.0000,239.801340,239.724062,-317.442336,0.704265,0.692355,-0.627236
100.0000,240.449162,240.366831,-317.906913,0.591073,0.593282,-0.303865
101.0000,240.991743,240.911083,-318.066055,0.491442,0.500436,-0.007978
102.0000,241.437611,241.365444,-317.913578,0.401783,0.410518,0.311066
103.0000,241.794610,241.730689,-317.447024,0.309224,0.305095,0.627968
104.0000,242.055699,241.992676,-316.661790,0.209404,0.220455,0.937265
105.0000,242.225073,242.165561,-315.572920,0.124012,0.126852,1.246034
106.0000,242.305279,242.241823,-314.169869,0.022125,0.027001,1.558044
107.0000,242.282047,242.226096,-312.461505,-0.070198,-0.063259,1.864593
108.0000,242.169733,242.114351,-310.445528,-0.157330,-0.154392,2.162133
109.0000,241.966533,241.920727,-308.144338,-0.247110,-0.237837,2.439935
110.0000,241.676702,241.629569,-305.550439,-0.331898,-0.336392,2.743446
111.0000,241.294113,241.247628,-302.672235,-0.441572,-0.429316,3.016278
112.0000,240.813116,240.778263,-299.520264,-0.512184,-0.510732,3.286602
113.0000,240.256462,240.211364,-296.098533,-0.604023,-0.621535,3.555087
114.0000,239.606949,239.546988,-292.415419,-0.706348,-0.705632,3.812290
115.0000,238.869392,238.808760,-288.493094,-0.768464,-0.773199,4.046904
116.0000,238.053425,237.988695,-284.332409,-0.870030,-0.869209,4.282633
117.0000,237.146593,237.078384,-279.934296,-0.941581,-0.945249,4.515518
118.0000,236.158814,236.090186,-275.314215,-1.028105,-1.034874,4.729528
119.0000,235.091376,235.016502,-270.475177,-1.109918,-1.112422,4.940202
120.0000,233.940837,233.868172,-265.436342,-1.186020,-1.184109,5.132934
121.0000,232.718427,232.649945,-260.208228,-1.265774,-1.252689,5.324925
122.0000,231.423610,231.361416,-254.807436,-1.332873,-1.331620,5.476048
123.0000,230.054894,229.994140,-249.251055,-1.402645,-1.409777,5.624536
124.0000,228.611524,228.543733,-243.543247,-1.485654,-1.486876,5.781075
125.0000,227.097798,227.025299,-237.695345,-1.544477,-1.548789,5.917189
126.0000,225.520454,225.444040,-231.718779,-1.615804,-1.608975,6.030236
127.0000,223.866312,223.799573,-225.635651,-1.697249,-1.680471,6.139668
128.0000,222.148718,222.086194,-219.449984,-1.741486,-1.744087,6.233908
129.0000,220.371857,220.305228,-213.185176,-1.806857,-1.816807,6.302990
130.0000,218.540394,218.456009,-206.852019,-1.857817,-1.878013,6.359629
131.0000,216.644668,216.546446,-200.466055,-1.928494,-1.930593,6.416364
132.0000,214.690216,214.588103,-194.027121,-1.983231,-1.974473,6.449446
133.0000,212.679775,212.586224,-187.568577,-2.037667,-2.027378,6.471244
134.0000,210.625682,210.527403,-181.093337,-2.072602,-2.089961,6.483712
135.0000,208.532556,208.420732,-174.610716,-2.121803,-2.122205,6.487865
136.0000,206.388111,206.280457,-168.125834,-2.167558,-2.172845,6.484058
137.0000,204.196431,204.084037,-161.651491,-2.219318,-2.217498,6.463414
138.0000,201.956967,201.848028,-155.216842,-2.260780,-2.251950,6.414658
139.0000,199.680219,199.582906,-148.832044,-2.281166,-2.280013,6.355020
140.0000,197.382971,197.280521,-142.508791,-2.319185,-2.321811,6.290660
141.0000,195.049272,194.942517,-136.248815,-2.342257,-2.349917,6.223090
142.0000,192.684290,192.572445,-130.065886,-2.382427,-2.391396,6.140878
143.0000,190.291686,190.165856,-123.963826,-2.391299,-2.418320,6.056036
144.0000,187.880758,187.737338,-117.959207,-2.420707,-2.440353,5.947197
145.0000,185.451994,185.288580,-112.067214,-2.445239,-2.453217,5.838722
146.0000,182.999663,182.821518,-106.288365,-2.467692,-2.470228,5.717828
147.0000,180.525901,180.342847,-100.636832,-2.481299,-2.482315,5.586710
148.0000,178.042689,177.853177,-95.127676,-2.489307,-2.493658,5.432872
149.0000,175.553922,175.359253,-89.771769,-2.482811,-2.499078,5.281446
150.0000,173.070831,172.863166,-84.556179,-2.490074,-2.497439,5.143382
151.0000,170.576053,170.363151,-79.484189,-2.496309,-2.495771,4.992748
152.0000,168.079856,167.857551,-74.560924,-2.492534,-2.499314,4.841358
153.0000,165.581410,165.354360,-69.806622,-2.499392,-2.507595,4.657595
154.0000,163.086252,162.858335,-65.226335,-2.483496,-2.480267,4.495587
155.0000,160.609829,160.377959,-60.807802,-2.468346,-2.478147,4.326625
156.0000,158.148779,157.901392,-56.564862,-2.459155,-2.471047,4.160341
157.0000,155.696730,155.441547,-52.480354,-2.445420,-2.448847,3.989066
158.0000,153.257304,153.008032,-48.568047,-2.438042,-2.418948,3.826979
159.0000,150.830781,150.597099,-44.839626,-2.420858,-2.407482,3.634926
160.0000,148.430978,148.210492,-41.290932,-2.382970,-2.372498,3.455370
161.0000,146.056634,145.849670,-37.919077,-2.349184,-2.342341,3.289439
162.0000,143.722821,143.509878,-34.715499,-2.313151,-2.331434,3.116277
163.0000,141.424448,141.200596,-31.695036,-2.275761,-2.289628,2.937099
164.0000,139.158161,138.926195,-28.841302,-2.253686,-2.251961,2.767030
165.0000,136.926015,136.689306,-26.159141,-2.215432,-2.213893,2.602381
166.0000,134.731924,134.489482,-23.651698,-2.173017,-2.176317,2.431123
167.0000,132.578209,132.340729,-21.303617,-2.123348,-2.121818,2.265810
168.0000,130.478577,130.237124,-19.113947,-2.074858,-2.084871,2.111711
169.0000,128.428802,128.172382,-17.076046,-2.027641,-2.035934,1.959254
170.0000,126.427335,126.160970,-15.189245,-1.971998,-1.986991,1.814485
171.0000,124.476530,124.205241,-13.442577,-1.920300,-1.933001,1.671966
172.0000,122.581811,122.292064,-11.843610,-1.866855,-1.879122,1.526364
173.0000,120.748797,120.448001,-10.381806,-1.796214,-1.814027,1.395605
174.0000,118.971893,118.658836,-9.046337,-1.754813,-1.755658,1.270150
175.0000,117.261850,116.930480,-7.828729,-1.671820,-1.696533,1.154881
176.0000,115.617526,115.271549,-6.728848,-1.616604,-1.626228,1.043951
177.0000,114.031824,113.682631,-5.741307,-1.554938,-1.553291,0.927939
178.0000,112.516961,112.167111,-4.865955,-1.487147,-1.483549,0.823610
179.0000,111.066561,110.724259,-4.085848,-1.414465,-1.405439,0.729842
180.0000,109.690058,109.355080,-3.397146,-1.338498,-1.333494,0.644261
181.0000,108.388511,108.059857,-2.792931,-1.263140,-1.259876,0.568342
182.0000,107.160897,106.838055,-2.261559,-1.187390,-1.173870,0.493578
183.0000,106.021057,105.696093,-1.806327,-1.089589,-1.103295,0.424676
184.0000,104.964432,104.635592,-1.416506,-1.024310,-1.030561,0.355786
185.0000,103.986243,103.638725,-1.084867,-0.940737,-0.948884,0.305228
186.0000,103.088428,102.728603,-0.798290,-0.857176,-0.874954,0.254654
187.0000,102.258132,101.901637,-0.567726,-0.788710,-0.778842,0.204307
188.0000,101.509253,101.165528,-0.377523,-0.698450,-0.690680,0.171612
189.0000,100.862325,100.517938,-0.225527,-0.605215,-0.611068,0.134863
190.0000,100.304289,99.951371,-0.102289,-0.512376,-0.513329,0.112980
191.0000,99.840211,99.480850,-0.013844,-0.410922,-0.427751,0.066781
192.0000,99.461637,99.092158,0.057379,-0.338059,-0.350449,0.059295
193.0000,99.174123,98.797387,0.110341,-0.239708,-0.242401,0.040920
194.0000,98.975308,98.597238,0.141030,-0.158825,-0.149721,0.016837
195.0000,98.860794,98.493040,0.157701,-0.065721,-0.054553,0.016530
196.0000,98.841140,98.477158,0.165233,0.027816,0.024010,0.003047
197.0000,98.920957,98.553565,0.165917,0.128929,0.131584,-0.002422
198.0000,99.096985,98.728209,0.163387,0.216044,0.221771,-0.003027
199.0000,99.364907,98.993418,0.160173,0.312413,0.317357,-0.005662
200.0000,99.723255,99.355032,0.154007,0.413947,0.411370,-0.006104
201.0000,100.177893,99.811110,0.150638,0.496971,0.492344,-0.004905
202.0000,100.719294,100.350707,0.145645,0.586905,0.591537,-0.006153
203.0000,101.359682,100.987296,0.132190,0.693779,0.691555,-0.011443
204.0000,102.093469,101.725236,0.115537,0.779348,0.777379,-0.025634
205.0000,102.923476,102.546084,0.094417,0.871396,0.868804,-0.019173
206.0000,103.836666,103.465985,0.079676,0.965678,0.977206,-0.018355
207.0000,104.852734,104.485330,0.070405,1.070625,1.060124,-0.007212
208.0000,105.959598,105.595814,0.056148,1.145275,1.155932,-0.017030
209.0000,107.153216,106.795136,0.030833,1.244169,1.252614,-0.041116
210.0000,108.441119,108.092470,-0.008860,1.330046,1.342647,-0.050851
211.0000,109.816519,109.481535,-0.067175,1.423647,1.432437,-0.070108
212.0000,111.287691,110.952658,-0.148454,1.516277,1.516434,-0.090242
213.0000,112.842937,112.509156,-0.259537,1.589393,1.596485,-0.134582
214.0000,114.481675,114.154010,-0.409109,1.682226,1.690799,-0.159479
215.0000,116.214476,115.887366,-0.590462,1.779220,1.779986,-0.201885
216.0000,118.035165,117.697551,-0.815895,1.863776,1.857322,-0.241414
217.0000,119.938378,119.600056,-1.087299,1.946305,1.960977,-0.304938
218.0000,121.924479,121.595906,-1.417913,2.029307,2.034433,-0.358019
219.0000,123.991011,123.665123,-1.822205,2.100047,2.104448,-0.442837
220.0000,126.132158,125.815620,-2.293422,2.181097,2.192315,-0.513130
221.0000,128.355049,128.051807,-2.830528,2.271622,2.281838,-0.566435
222.0000,130.662900,130.359189,-3.436289,2.343284,2.346864,-0.640218
223.0000,133.040827,132.734542,-4.117676,2.409946,2.413726,-0.723798
224.0000,135.489753,135.187658,-4.894200,2.497601,2.493154,-0.828597
225.0000,138.015949,137.716347,-5.775826,2.555335,2.556347,-0.938098
226.0000,140.610785,140.307200,-6.760397,2.624138,2.625538,-1.047260
227.0000,143.271266,142.964704,-7.858429,2.693677,2.690177,-1.158169
228.0000,146.002769,145.683100,-9.075117,2.755411,2.758248,-1.276290
229.0000,148.786681,148.472715,-10.416833,2.812961,2.822529,-1.410809
230.0000,151.622925,151.318430,-11.889300,2.868074,2.871354,-1.531671
231.0000,154.517030,154.221379,-13.485293,2.916998,2.935552,-1.671224
232.0000,157.469067,157.178312,-15.226185,2.971596,2.982456,-1.809123
233.0000,160.469050,160.183349,-17.108088,3.035455,3.030670,-1.954931
234.0000,163.527038,163.237372,-19.142100,3.085973,3.069920,-2.110753
235.0000,166.635209,166.330188,-21.328921,3.125425,3.122671,-2.273695
236.0000,169.780023,169.474233,-23.686043,3.171204,3.166170,-2.433945
237.0000,172.972906,172.658492,-26.196474,3.207322,3.207378,-2.594439
238.0000,176.197753,175.885821,-28.875020,3.250177,3.244180,-2.770043
239.0000,179.474797,179.153988,-31.726160,3.291338,3.292081,-2.937180
240.0000,182.783055,182.455944,-34.752996,3.329826,3.320735,-3.121043
241.0000,186.122553,185.792819,-37.957392,3.348770,3.359723,-3.293769
242.0000,189.489505,189.157101,-41.338281,3.382579,3.377315,-3.468942
243.0000,192.877936,192.553742,-44.890176,3.406192,3.407306,-3.644524
244.0000,196.292347,195.975968,-48.627266,3.422835,3.435692,-3.825206
245.0000,199.732786,199.424821,-52.541622,3.454249,3.449526,-3.998992
246.0000,203.194399,202.885445,-56.629514,3.466095,3.475557,-4.180411
247.0000,206.661922,206.367507,-60.892952,3.468495,3.489563,-4.352472
248.0000,210.135508,209.851768,-65.322066,3.484564,3.480738,-4.512501
249.0000,213.622758,213.341108,-69.917051,3.487598,3.494536,-4.678835
250.0000,217.115797,216.840017,-74.664231,3.498392,3.496033,-4.829474
251.0000,220.616582,220.336647,-79.571092,3.510182,3.498366,-4.991924
252.0000,224.124123,223.834661,-84.640976,3.494355,3.501823,-5.153807
253.0000,227.616684,227.331655,-89.868543,3.492381,3.493883,-5.295524
254.0000,231.108459,230.828675,-95.241712,3.490292,3.497179,-5.442084
255.0000,234.587011,234.316897,-100.746146,3.472334,3.484895,-5.573848
256.0000,238.049452,237.787976,-106.389045,3.451495,3.465471,-5.718218
257.0000,241.487553,241.237353,-112.166641,3.439769,3.443272,-5.837684
258.0000,244.917101,244.675555,-118.057476,3.422085,3.420747,-5.944700
259.0000,248.334427,248.089756,-124.054916,3.410121,3.404626,-6.041613
260.0000,251.730885,251.484763,-130.141260,3.389349,3.385090,-6.135980
261.0000,255.106023,254.860607,-136.324909,3.366236,3.364860,-6.233560
262.0000,258.449155,258.208766,-142.578019,3.324074,3.329766,-6.269691
263.0000,261.750606,261.514690,-148.887166,3.276064,3.279432,-6.354852
264.0000,265.001180,264.779717,-155.258903,3.239687,3.250089,-6.390772
265.0000,268.226355,268.012289,-161.672272,3.215039,3.218900,-6.436187
266.0000,271.422501,271.210361,-168.131305,3.181341,3.174156,-6.478264
267.0000,274.580572,274.361796,-174.619678,3.135730,3.129557,-6.496722
268.0000,277.691424,277.462228,-181.111655,3.079131,3.068932,-6.479600
269.0000,280.745075,280.510226,-187.589801,3.013636,3.019243,-6.481364
270.0000,283.738975,283.508336,-194.060280,2.968353,2.970773,-6.448246
271.0000,286.687212,286.458544,-200.498016,2.921140,2.923439,-6.411625
272.0000,289.586373,289.359032,-206.880422,2.859724,2.866386,-6.355544
273.0000,292.422382,292.199334,-213.211217,2.804521,2.809467,-6.300983
274.0000,295.199523,294.980178,-219.478476,2.747333,2.754233,-6.228869
275.0000,297.917122,297.702933,-225.671709,2.690645,2.691793,-6.148112
276.0000,300.573304,300.355292,-231.763332,2.624990,2.612002,-6.036407
277.0000,303.157152,302.939643,-237.749375,2.540627,2.547835,-5.935035
278.0000,305.659743,305.445119,-243.621775,2.466086,2.459049,-5.800107
279.0000,308.092917,307.880840,-249.345024,2.394604,2.412104,-5.637111
280.0000,310.456192,310.257505,-254.905127,2.335553,2.338149,-5.469568
281.0000,312.755343,312.563486,-260.306916,2.259533,2.265846,-5.319262
282.0000,314.977055,314.793867,-265.531746,2.187945,2.181826,-5.125940
283.0000,317.121810,316.940555,-270.560570,2.113255,2.107353,-4.932124
284.0000,319.190263,319.011365,-275.396542,2.035019,2.030711,-4.733902
285.0000,321.182292,320.995491,-280.015362,1.953766,1.939029,-4.496675
286.0000,323.093523,322.893392,-284.407968,1.859079,1.853083,-4.283538
287.0000,324.909075,324.707113,-288.575563,1.771916,1.772955,-4.048413
288.0000,326.640607,326.443371,-292.501914,1.683897,1.690879,-3.804764
289.0000,328.287220,328.091121,-296.192509,1.602556,1.604298,-3.559026
290.0000,329.846619,329.651107,-299.613995,1.525400,1.516244,-3.282799
291.0000,331.325638,331.122358,-302.765738,1.432408,1.419424,-3.006510
292.0000,332.711949,332.497454,-305.635918,1.334626,1.334564,-2.728931
293.0000,334.005316,333.784539,-308.231511,1.254910,1.246474,-2.461061
294.0000,335.218402,334.986460,-310.536828,1.165138,1.153240,-2.159473
295.0000,336.336644,336.095001,-312.548469,1.069548,1.058666,-1.864842
296.0000,337.363140,337.108840,-314.258436,0.976394,0.969111,-1.553336
297.0000,338.291834,338.035126,-315.661577,0.884867,0.882596,-1.245992
298.0000,339.129496,338.872330,-316.747653,0.785044,0.793676,-0.930105
299.0000,339.863330,339.614501,-317.527979,0.691711,0.694442,-0.631573
300.0000,340.513862,340.263648,-318.001724,0.602784,0.601602,-0.301139
301.0000,341.070021,340.818528,-318.150226,0.508267,0.506493,0.008605
302.0000,341.533629,341.271799,-317.988636,0.417955,0.397490,0.316492
303.0000,341.901169,341.631000,-317.515880,0.311735,0.312691,0.629387
304.0000,342.160915,341.895768,-316.737662,0.206669,0.216839,0.931137
305.0000,342.316909,342.074547,-315.647100,0.108846,0.137757,1.256076
306.0000,342.388341,342.162239,-314.244879,0.030534,0.037536,1.551807
307.0000,342.375997,342.152977,-312.543927,-0.052178,-0.053964,1.856634
308.0000,342.270973,342.050671,-310.542091,-0.155981,-0.147296,2.147132
309.0000,342.067028,341.856113,-308.244509,-0.253602,-0.231076,2.447029
310.0000,341.763893,341.575379,-305.650816,-0.342958,-0.334170,2.731277
311.0000,341.385674,341.189882,-302.780611,-0.426340,-0.423963,3.010242
312.0000,340.915653,340.720678,-299.637173,-0.513593,-0.515481,3.284464
313.0000,340.350594,340.156615,-296.223032,-0.616760,-0.610975,3.554487
314.0000,339.690223,339.504414,-292.532787,-0.706052,-0.689716,3.811554
315.0000,338.944130,338.776388,-288.603329,-0.790423,-0.769149,4.060789
316.0000,338.121468,337.966599,-284.419795,-0.859361,-0.850922,4.306563
317.0000,337.218661,337.064494,-280.009348,-0.943750,-0.953806,4.514168
318.0000,336.234115,336.069780,-275.392149,-1.024193,-1.021751,4.729703
319.0000,335.167409,335.008662,-270.559108,-1.108294,-1.110394,4.941798
320.0000,334.014135,333.863785,-265.524594,-1.197385,-1.190294,5.131554
321.0000,332.783163,332.634791,-260.298473,-1.271376,-1.266164,5.313672
322.0000,331.476770,331.323647,-254.900098,-1.335253,-1.349383,5.480707
323.0000,330.109116,329.949871,-249.345422,-1.403591,-1.404627,5.629060
324.0000,328.666316,328.512235,-243.644623,-1.481670,-1.477034,5.772848
325.0000,327.145386,326.992020,-237.797437,-1.555019,-1.565768,5.908560
326.0000,325.560068,325.390070,-231.829795,-1.612646,-1.639873,6.032800
327.0000,323.913385,323.717783,-225.745936,-1.685282,-1.704236,6.139657
328.0000,322.191068,321.985240,-219.564635,-1.755609,-1.767534,6.229505
329.0000,320.404746,320.183608,-213.294355,-1.821205,-1.826599,6.306114
330.0000,318.556553,318.331591,-206.957212,-1.870881,-1.881205,6.372641
331.0000,316.653499,316.427565,-200.566021,-1.930405,-1.922341,6.407130
332.0000,314.702037,314.481049,-194.138169,-1.975356,-1.976909,6.439564
333.0000,312.703331,312.474176,-187.676970,-2.031481,-2.040083,6.477841
334.0000,310.649961,310.415103,-181.185241,-2.078900,-2.078881,6.497642
335.0000,308.544512,308.311171,-174.685474,-2.132537,-2.129021,6.494019
336.0000,306.387051,306.166534,-168.203099,-2.182547,-2.160983,6.472122
337.0000,304.185914,303.982715,-161.740935,-2.217703,-2.209914,6.449666
338.0000,301.953503,301.752534,-155.312343,-2.244339,-2.252590,6.407989
339.0000,299.693978,299.476632,-148.924698,-2.279608,-2.294748,6.362249
340.0000,297.395036,297.164656,-142.600192,-2.314235,-2.322337,6.292971
341.0000,295.063745,294.825359,-136.338292,-2.347220,-2.361538,6.219363
342.0000,292.699414,292.455410,-130.153509,-2.373686,-2.379792,6.140112
343.0000,290.305506,290.068011,-124.059289,-2.407481,-2.403936,6.044636
344.0000,287.883920,287.648888,-118.055310,-2.438587,-2.431784,5.959278
345.0000,285.435151,285.217644,-112.153591,-2.452248,-2.437604,5.843665
346.0000,282.973581,282.772592,-106.375468,-2.465724,-2.460165,5.716174
347.0000,280.499957,280.297254,-100.720561,-2.481955,-2.480437,5.583271
348.0000,278.008690,277.814608,-95.207048,-2.489034,-2.486071,5.440061
349.0000,275.521336,275.329302,-89.832781,-2.497725,-2.489475,5.299316
350.0000,273.024017,272.839310,-84.600722,-2.496511,-2.496419,5.151535
351.0000,270.525928,270.341239,-79.522812,-2.495720,-2.501236,4.990239
352.0000,268.031718,267.840480,-74.614395,-2.498767,-2.495236,4.833146
353.0000,265.538034,265.348784,-69.857343,-2.489144,-2.486602,4.678413
354.0000,263.052704,262.859517,-65.264628,-2.485407,-2.487148,4.506213
355.0000,260.572193,260.369134,-60.840497,-2.480047,-2.479234,4.336441
356.0000,258.096742,257.901502,-56.585128,-2.460405,-2.459009,4.172819
357.0000,255.648104,255.448128,-52.506571,-2.439266,-2.446473,3.985635
358.0000,253.215118,253.008874,-48.605813,-2.421386,-2.433411,3.821509
359.0000,250.807099,250.589097,-44.877715,-2.394695,-2.399418,3.639086
360.0000,248.419746,248.199257,-41.327960,-2.379193,-2.376581,3.463921
361.0000,246.054660,245.835836,-37.954751,-2.356013,-2.351672,3.293027
362.0000,243.713100,243.497165,-34.750708,-2.320892,-2.324700,3.110842
363.0000,241.406544,241.185686,-31.726837,-2.284793,-2.286841,2.936940
364.0000,239.134907,238.915295,-28.878075,-2.259459,-2.256239,2.762688
365.0000,236.894090,236.673744,-26.202881,-2.228372,-2.218509,2.593122
366.0000,234.694268,234.479970,-23.683152,-2.165421,-2.165333,2.437564
367.0000,232.553523,232.341300,-21.318707,-2.117673,-2.110225,2.285626
368.0000,230.455936,230.240327,-19.119158,-2.067263,-2.081823,2.112657
369.0000,228.412824,228.179812,-17.080087,-2.019330,-2.041252,1.960686
370.0000,226.416111,226.169924,-15.190153,-1.975932,-1.981798,1.815303
371.0000,224.466832,224.212477,-13.447074,-1.936226,-1.938926,1.668643
372.0000,222.565086,222.301694,-11.853678,-1.867600,-1.880149,1.529360
373.0000,220.720306,220.454230,-10.391515,-1.821665,-1.814028,1.397441
374.0000,218.923510,218.676193,-9.057456,-1.762079,-1.735875,1.268745
375.0000,217.193808,216.964639,-7.846491,-1.688451,-1.688378,1.147739
376.0000,215.542668,215.313623,-6.754893,-1.615211,-1.613288,1.040287
377.0000,213.959349,213.735421,-5.769527,-1.549994,-1.546316,0.932537
378.0000,212.439767,212.223432,-4.890659,-1.482290,-1.482803,0.825841
379.0000,210.997873,210.772698,-4.110759,-1.402060,-1.413218,0.743473
380.0000,209.620750,209.396162,-3.413252,-1.345080,-1.336919,0.647462
381.0000,208.309954,208.103203,-2.808914,-1.275323,-1.250137,0.560829
382.0000,207.085298,206.886884,-2.285262,-1.180009,-1.177031,0.483146
383.0000,205.943726,205.748385,-1.831880,-1.100493,-1.102879,0.423584
384.0000,204.875099,204.679777,-1.444462,-1.030591,-1.032181,0.352679
385.0000,203.890371,203.691574,-1.123836,-0.944327,-0.942416,0.293870
386.0000,202.977984,202.785469,-0.845852,-0.877053,-0.868569,0.266169
387.0000,202.153192,201.955953,-0.608224,-0.769486,-0.785563,0.209395
388.0000,201.419880,201.218140,-0.418167,-0.694694,-0.690220,0.181916
389.0000,200.770781,200.567366,-0.262722,-0.608638,-0.616370,0.138923
390.0000,200.212109,200.003070,-0.139358,-0.506850,-0.512718,0.105790
391.0000,199.749697,199.531008,-0.050804,-0.413684,-0.427992,0.080496
392.0000,199.378369,199.145643,0.019112,-0.324866,-0.336073,0.065203
393.0000,199.098975,198.852514,0.073035,-0.233058,-0.247688,0.050371
394.0000,198.904909,198.651448,0.115805,-0.149628,-0.154913,0.026680
395.0000,198.794482,198.541850,0.136587,-0.069343,-0.068540,0.013433
396.0000,198.775671,198.527188,0.152561,0.034167,0.031845,0.012321
397.0000,198.848763,198.600042,0.166245,0.117900,0.127150,0.016743
398.0000,199.012775,198.769867,0.177856,0.207573,0.211631,0.015308
399.0000,199.269934,199.030901,0.195127,0.308599,0.312244,0.011240
400.0000,199.626771,199.385937,0.205183,0.410944,0.398245,0.014238
401.0000,200.080894,199.836636,0.212015,0.498345,0.502743,0.007133
402.0000,200.622737,200.386442,0.217506,0.590806,0.592769,0.004480
403.0000,201.262897,201.029538,0.216773,0.688233,0.688542,-0.001236
404.0000,202.001316,201.765606,0.214073,0.782716,0.788022,-0.003124
405.0000,202.830595,202.595408,0.204766,0.868932,0.876795,-0.010452
406.0000,203.737412,203.510408,0.192828,0.957266,0.959513,-0.013949
407.0000,204.737133,204.517064,0.177268,1.050434,1.058935,-0.027055
408.0000,205.837140,205.616852,0.141729,1.154057,1.149427,-0.039748
409.0000,207.040574,206.808272,0.101443,1.246669,1.240328,-0.043829
410.0000,208.328193,208.095754,0.046348,1.331259,1.330510,-0.073488
411.0000,209.708334,209.474208,-0.034889,1.430082,1.423041,-0.085189
412.0000,211.177952,210.936013,-0.136671,1.501384,1.506603,-0.111343
413.0000,212.730380,212.479150,-0.269917,1.598719,1.590118,-0.155216
414.0000,214.368421,214.118199,-0.435977,1.679015,1.689469,-0.171979
415.0000,216.085719,215.849533,-0.628556,1.758880,1.783191,-0.204055
416.0000,217.892947,217.675188,-0.852315,1.853889,1.879668,-0.244154
417.0000,219.793853,219.588383,-1.120277,1.947070,1.945710,-0.302381
418.0000,221.769439,221.573321,-1.449282,2.017773,2.031713,-0.358765
419.0000,223.828435,223.638115,-1.836080,2.100764,2.101534,-0.427545
420.0000,225.973616,225.779511,-2.297862,2.183591,2.183480,-0.488299
421.0000,228.190953,227.995775,-2.821774,2.256652,2.251188,-0.564534
422.0000,230.487900,230.285774,-3.431829,2.338881,2.324921,-0.643306
423.0000,232.863995,232.650138,-4.114817,2.414383,2.399177,-0.727772
424.0000,235.314054,235.082394,-4.887973,2.489923,2.471157,-0.825852
425.0000,237.839469,237.587980,-5.765086,2.551330,2.545227,-0.932075
426.0000,240.418615,240.165194,-6.742467,2.608086,2.610654,-1.034564
427.0000,243.064262,242.812352,-7.830374,2.687264,2.683318,-1.143363
428.0000,245.786386,245.529798,-9.036128,2.745672,2.752468,-1.266336
429.0000,248.564487,248.311906,-10.367589,2.807400,2.811899,-1.405647
430.0000,251.400062,251.153695,-11.838323,2.865194,2.871648,-1.538188
431.0000,254.295825,254.050226,-13.437315,2.920001,2.925790,-1.656247
432.0000,257.246683,256.999055,-15.168167,2.982736,2.976097,-1.804470
433.0000,260.256620,260.007973,-17.053156,3.030603,3.037839,-1.963303
434.0000,263.315107,263.063203,-19.096682,3.087302,3.084084,-2.123205
435.0000,266.421720,266.163211,-21.300586,3.137898,3.121973,-2.284663
436.0000,269.572711,269.306664,-23.658567,3.167147,3.161160,-2.434626
437.0000,272.768710,272.494006,-26.166502,3.217144,3.216551,-2.592333
438.0000,276.003542,275.733505,-28.847922,3.256249,3.256588,-2.774539
439.0000,279.279888,279.011717,-31.701491,3.293673,3.299299,-2.940906
440.0000,282.593375,282.325398,-34.724541,3.330210,3.331483,-3.115790
441.0000,285.932680,285.662395,-37.922260,3.349801,3.344793,-3.278336
442.0000,289.296040,289.018806,-41.281264,3.374613,3.367241,-3.449183
443.0000,292.689373,292.408766,-44.816224,3.411535,3.407268,-3.637398
444.0000,296.110556,295.820210,-48.546045,3.433653,3.427555,-3.818086
445.0000,299.547101,299.257690,-52.450440,3.437258,3.453605,-3.994764
446.0000,302.992091,302.715754,-56.533028,3.455258,3.453483,-4.172511
447.0000,306.451754,306.181789,-60.789869,3.464305,3.474301,-4.336678
448.0000,309.923261,309.671079,-65.209872,3.486348,3.484993,-4.510639
449.0000,313.414647,313.164893,-69.805235,3.490420,3.493016,-4.678125
450.0000,316.898862,316.657556,-74.566516,3.496785,3.490765,-4.831041
451.0000,320.400838,320.154976,-79.484797,3.495457,3.501801,-5.004751
452.0000,323.894982,323.651760,-84.571039,3.488974,3.500023,-5.161151
453.0000,327.385594,327.146003,-89.808086,3.490418,3.488626,-5.323537
454.0000,330.875024,330.631200,-95.192346,3.489774,3.477881,-5.448824
455.0000,334.356166,334.110786,-100.714011,3.471299,3.479740,-5.587009
456.0000,337.825553,337.585754,-106.363775,3.463750,3.465420,-5.714136
457.0000,341.280603,341.047142,-112.130225,3.450767,3.453072,-5.817797
458.0000,344.717695,344.497781,-118.008504,3.430605,3.436000,-5.935476
459.0000,348.140652,347.917964,-123.993114,3.413849,3.399766,-6.027293
460.0000,351.538153,351.309299,-130.066022,3.377090,3.373930,-6.114223
461.0000,354.907800,354.669056,-136.226273,3.359368,3.344737,-6.201488
462.0000,358.253308,357.998916,-142.477009,3.329947,3.314597,-6.297185
463.0000,361.565869,361.297312,-148.797690,3.299762,3.282073,-6.351973
464.0000,364.831359,364.568060,-155.172765,3.248142,3.255351,-6.397435
465.0000,368.058885,367.806635,-161.593286,3.192817,3.223434,-6.439215
466.0000,371.238324,371.016440,-168.046173,3.160039,3.190186,-6.472353
467.0000,374.381503,374.182399,-174.523646,3.121338,3.135456,-6.479623
468.0000,377.485131,377.290283,-181.008398,3.081341,3.086094,-6.487767
469.0000,380.544652,380.345418,-187.494319,3.033605,3.030592,-6.476793
470.0000,383.547199,383.353656,-193.967463,2.974504,2.980687,-6.454081
471.0000,386.505367,386.302815,-200.408154,2.928301,2.920530,-6.426185
472.0000,389.394356,389.198711,-206.814494,2.859863,2.870652,-6.379496
473.0000,392.226021,392.037233,-213.158473,2.796127,2.798661,-6.305700
474.0000,394.997046,394.815806,-219.420516,2.751109,2.752109,-6.221617
475.0000,397.713002,397.533738,-225.596288,2.679431,2.684032,-6.135453
476.0000,400.361633,400.186853,-231.684398,2.616395,2.615309,-6.034274
477.0000,402.950416,402.770160,-237.661729,2.567020,2.557758,-5.914374
478.0000,405.475688,405.290059,-243.504907,2.480172,2.483221,-5.778220
479.0000,407.932865,407.742700,-249.210447,2.421796,2.407872,-5.629474
480.0000,410.306155,410.116501,-254.763076,2.328466,2.335674,-5.465564
481.0000,412.604056,412.418845,-260.151566,2.260201,2.259070,-5.308253
482.0000,414.822257,414.647020,-265.372062,2.170343,2.185112,-5.127304
483.0000,416.964927,416.793107,-270.402210,2.111810,2.099393,-4.929718
484.0000,419.029598,418.858421,-275.233072,2.023201,2.027303,-4.733479
485.0000,421.005992,420.842004,-279.852218,1.932708,1.943746,-4.517789
486.0000,422.905263,422.753437,-284.259731,1.866841,1.866364,-4.283652
487.0000,424.727790,424.574767,-288.429099,1.775656,1.773824,-4.049636
488.0000,426.451878,426.310636,-292.356037,1.680968,1.683091,-3.795133
489.0000,428.086247,427.956282,-296.029979,1.582961,1.601207,-3.542402
490.0000,429.640455,429.511000,-299.443683,1.518372,1.520866,-3.276754
491.0000,431.118448,430.985351,-302.590275,1.429875,1.427045,-3.015523
492.0000,432.510149,432.371586,-305.461745,1.341575,1.337535,-2.723335
493.0000,433.795944,433.666283,-308.049276,1.242589,1.241519,-2.448424
494.0000,434.993161,434.861932,-310.357512,1.139706,1.147470,-2.156037
495.0000,436.085370,435.967480,-312.363241,1.044788,1.057592,-1.846846
496.0000,437.091811,436.983843,-314.057656,0.962300,0.964469,-1.545678
497.0000,438.009015,437.907846,-315.453575,0.858575,0.875100,-1.240120
498.0000,438.824973,438.741906,-316.535633,0.770744,0.787987,-0.923521
499.0000,439.548054,439.480833,-317.311700,0.681386,0.690470,-0.620588
500.0000,440.188247,440.125037,-317.771972,0.599924,0.601341,-0.294687
501.0000,440.734972,440.678461,-317.915781,0.503010,0.504639,0.012084
502.0000,441.188863,441.141640,-317.748770,0.407622,0.408907,0.316153
503.0000,441.550966,441.501125,-317.275465,0.316798,0.319166,0.628714
504.0000,441.822711,441.768118,-316.496085,0.220869,0.216354,0.927429
505.0000,441.989027,441.935593,-315.411729,0.114236,0.118642,1.247031
506.0000,442.064922,442.010050,-314.017883,0.034319,0.036200,1.543109
507.0000,442.055367,441.996183,-312.326119,-0.051994,-0.060979,1.849298
508.0000,441.952928,441.893916,-310.325422,-0.152254,-0.142253,2.153206
509.0000,441.749679,441.704291,-308.021602,-0.252821,-0.234953,2.448783
510.0000,441.454474,441.416991,-305.425690,-0.338689,-0.337379,2.742327
511.0000,441.074154,441.041269,-302.545675,-0.428427,-0.429664,3.019956
512.0000,440.606696,440.571364,-299.396152,-0.513582,-0.507513,3.282990
513.0000,440.045208,440.023879,-295.982793,-0.607304,-0.587383,3.548368
514.0000,439.392712,439.383787,-292.305142,-0.701445,-0.689157,3.808986
515.0000,438.650585,438.651139,-288.376560,-0.785965,-0.772627,4.051374
516.0000,437.823099,437.837798,-284.204389,-0.867851,-0.855255,4.290838
517.0000,436.912771,436.940461,-279.805390,-0.957621,-0.942071,4.509503
518.0000,435.921243,435.953070,-275.191392,-1.034736,-1.025873,4.718921
519.0000,434.852086,434.889135,-270.369430,-1.098488,-1.098987,4.929686
520.0000,433.710477,433.745111,-265.341076,-1.174493,-1.180176,5.119864
521.0000,432.492437,432.527558,-260.130089,-1.260705,-1.253190,5.301872
522.0000,431.191297,431.229805,-254.733263,-1.346766,-1.340948,5.486170
523.0000,429.806294,429.850336,-249.174095,-1.425205,-1.416078,5.631143
524.0000,428.341498,428.394006,-243.467812,-1.507787,-1.491080,5.771432
525.0000,426.810855,426.870955,-237.628278,-1.558839,-1.555749,5.902316
526.0000,425.221152,425.281276,-231.663341,-1.625813,-1.616578,6.019274
527.0000,423.566875,423.629561,-225.594285,-1.679084,-1.680490,6.121042
528.0000,421.855143,421.913546,-219.420346,-1.751398,-1.744937,6.225461
529.0000,420.074243,420.136740,-213.155973,-1.811202,-1.802409,6.303901
530.0000,418.237292,418.307523,-206.820584,-1.863616,-1.868039,6.373453
531.0000,416.344608,416.409300,-200.423390,-1.922701,-1.935653,6.411321
532.0000,414.399130,414.454401,-193.992829,-1.971820,-1.981718,6.447974
533.0000,412.394043,412.455970,-187.530490,-2.026719,-2.018407,6.469103
534.0000,410.336662,410.408438,-181.060916,-2.083931,-2.076675,6.472992
535.0000,408.233561,408.313310,-174.589041,-2.119229,-2.117048,6.475334
536.0000,406.087402,406.172571,-168.110468,-2.168805,-2.162254,6.474684
537.0000,403.899379,403.985426,-161.641678,-2.209702,-2.215240,6.456584
538.0000,401.666679,401.754430,-155.207603,-2.256938,-2.254498,6.403310
539.0000,399.387251,399.489440,-148.830055,-2.298333,-2.286070,6.352969
540.0000,397.070816,397.186341,-142.510040,-2.336689,-2.322413,6.278281
541.0000,394.729649,394.850310,-136.263958,-2.352437,-2.340407,6.218900
542.0000,392.364447,392.486226,-130.086063,-2.373250,-2.380164,6.135194
543.0000,389.973955,390.093146,-123.990210,-2.404866,-2.412888,6.053212
544.0000,387.560743,387.670984,-117.989724,-2.421863,-2.430097,5.941060
545.0000,385.123940,385.229788,-112.108007,-2.449245,-2.454739,5.823231
546.0000,382.672966,382.772305,-106.342620,-2.462510,-2.460702,5.711058
547.0000,380.204013,380.299861,-100.688623,-2.481780,-2.478048,5.581277
548.0000,377.727524,377.816688,-95.184354,-2.480891,-2.481853,5.427618
549.0000,375.244425,375.330413,-89.822503,-2.490684,-2.491187,5.300217
550.0000,372.746774,372.837865,-84.590020,-2.496934,-2.491339,5.158888
551.0000,370.248530,370.343286,-79.510238,-2.507623,-2.501399,4.999271
552.0000,367.734189,367.841449,-74.587769,-2.506012,-2.498174,4.841089
553.0000,365.233085,365.342999,-69.831472,-2.486646,-2.504695,4.669482
554.0000,362.753885,362.850897,-65.238366,-2.476377,-2.491151,4.511817
555.0000,360.280450,360.365455,-60.816763,-2.472624,-2.476044,4.336465
556.0000,357.818088,357.894160,-56.565298,-2.451917,-2.459684,4.160774
557.0000,355.377255,355.436101,-52.491671,-2.431796,-2.458066,3.985762
558.0000,352.947689,352.991266,-48.584410,-2.431680,-2.425063,3.818407
559.0000,350.528114,350.572394,-44.860567,-2.410194,-2.401985,3.636049
560.0000,348.124184,348.182609,-41.314471,-2.401731,-2.376964,3.452870
561.0000,345.748044,345.821675,-37.939851,-2.358330,-2.355350,3.295152
562.0000,343.401011,343.486869,-34.738572,-2.340298,-2.322413,3.114283
563.0000,341.084353,341.179512,-31.712871,-2.290810,-2.291399,2.932740
564.0000,338.814247,338.903411,-28.866137,-2.243211,-2.254370,2.768359
565.0000,336.582876,336.675197,-26.176898,-2.213653,-2.208735,2.605151
566.0000,334.388173,334.484271,-23.654968,-2.172198,-2.166609,2.437710
567.0000,332.244670,332.336789,-21.295460,-2.128522,-2.128059,2.272170
568.0000,330.140933,330.233110,-19.099429,-2.076282,-2.079552,2.108915
569.0000,328.089191,328.183597,-17.059955,-2.027100,-2.025124,1.962984
570.0000,326.086655,326.182823,-15.167359,-1.984514,-1.982047,1.821183
571.0000,324.129563,324.224323,-13.423021,-1.925667,-1.937519,1.666887
572.0000,322.234941,322.326776,-11.832745,-1.867355,-1.861283,1.512602
573.0000,320.395440,320.495065,-10.374569,-1.806864,-1.805949,1.390206
574.0000,318.613621,318.717995,-9.042656,-1.749881,-1.743252,1.261795
575.0000,316.895183,316.999741,-7.833355,-1.683742,-1.685886,1.158382
576.0000,315.245151,315.344573,-6.744482,-1.615883,-1.627161,1.029456
577.0000,313.664240,313.756466,-5.763240,-1.549097,-1.556835,0.943531
578.0000,312.154132,312.242898,-4.870439,-1.473190,-1.470699,0.833863
579.0000,310.712832,310.803237,-4.089672,-1.400109,-1.402628,0.730436
580.0000,309.347625,309.430104,-3.398122,-1.326508,-1.334199,0.654935
581.0000,308.051182,308.129524,-2.790429,-1.254221,-1.260343,0.560563
582.0000,306.833045,306.901372,-2.271760,-1.183395,-1.185437,0.483330
583.0000,305.687270,305.751308,-1.822941,-1.106127,-1.113334,0.417180
584.0000,304.623390,304.675217,-1.439261,-1.018239,-1.025426,0.362725
585.0000,303.643377,303.692203,-1.110777,-0.951125,-0.943058,0.303144
586.0000,302.737735,302.793752,-0.836479,-0.860325,-0.858353,0.246438
587.0000,301.919812,301.972840,-0.613614,-0.771883,-0.771754,0.201332
588.0000,301.179987,301.242725,-0.431437,-0.704439,-0.685498,0.170675
589.0000,300.523666,300.596000,-0.277574,-0.613805,-0.602571,0.134089
590.0000,299.960351,300.025322,-0.160142,-0.513930,-0.529366,0.101738
591.0000,299.488920,299.543567,-0.072948,-0.429246,-0.439785,0.073264
592.0000,299.105749,299.154077,-0.004376,-0.338446,-0.335397,0.056568
593.0000,298.817429,298.862992,0.045181,-0.240526,-0.246105,0.046307
594.0000,298.619111,298.662981,0.079808,-0.157207,-0.153018,0.027882
595.0000,298.501065,298.558460,0.102440,-0.070275,-0.056638,0.025020
596.0000,298.481455,298.538215,0.110773,0.021978,0.021972,0.004751
597.0000,298.554332,298.610756,0.119762,0.127641,0.116604,0.013153
598.0000,298.728721,298.778626,0.130183,0.214793,0.221692,0.010533
599.0000,298.988252,299.040528,0.136988,0.312179,0.309336,0.008337
600.0000,299.351846,299.397245,0.137131,0.405958,0.410992,-0.003944
601.0000,299.797536,299.851239,0.139743,0.495975,0.501472,0.005100
602.0000,300.342445,300.402982,0.145627,0.589409,0.598050,0.005017
603.0000,300.973956,301.039758,0.154890,0.671942,0.680370,0.011123
604.0000,301.697361,301.773004,0.162190,0.775029,0.785785,0.007750
605.0000,302.514771,302.598090,0.165254,0.861094,0.867485,-0.003410
606.0000,303.424745,303.511622,0.151925,0.950681,0.957204,-0.022803
607.0000,304.428425,304.521371,0.127832,1.061703,1.070485,-0.025046
608.0000,305.540260,305.634783,0.100994,1.153283,1.161714,-0.041223
609.0000,306.735857,306.837967,0.057869,1.242068,1.244623,-0.043971
610.0000,308.025883,308.133075,0.005277,1.336924,1.332053,-0.059480
611.0000,309.405379,309.518264,-0.061346,1.428545,1.435218,-0.085854
612.0000,310.876655,310.994278,-0.163497,1.516112,1.517602,-0.108901
613.0000,312.433597,312.550992,-0.279940,1.600920,1.597562,-0.124146
614.0000,314.077583,314.187649,-0.417142,1.690211,1.682251,-0.147294
615.0000,315.811017,315.916490,-0.587541,1.773013,1.769157,-0.200084
616.0000,317.626904,317.732046,-0.802731,1.861110,1.865161,-0.236357
617.0000,319.524178,319.638188,-1.070539,1.943184,1.940883,-0.299606
618.0000,321.508088,321.620405,-1.398707,2.027027,2.018249,-0.360482
619.0000,323.580433,323.675656,-1.785616,2.114855,2.092611,-0.426415
620.0000,325.729386,325.819958,-2.239881,2.181315,2.195779,-0.482095
621.0000,327.948758,328.047285,-2.754742,2.263410,2.256185,-0.561761
622.0000,330.247215,330.344399,-3.355613,2.342212,2.336495,-0.649642
623.0000,332.616662,332.731944,-4.044525,2.410614,2.422732,-0.733988
624.0000,335.066241,335.190750,-4.827103,2.480998,2.493822,-0.836500
625.0000,337.582886,337.715229,-5.713830,2.557225,2.558095,-0.930054
626.0000,340.171481,340.309034,-6.700657,2.621729,2.624566,-1.048122
627.0000,342.821643,342.966679,-7.800352,2.686828,2.686545,-1.155025
628.0000,345.539019,345.690604,-9.017073,2.750162,2.758510,-1.278752
629.0000,348.323023,348.476522,-10.353182,2.827675,2.818801,-1.390995
630.0000,351.181183,351.317326,-11.812148,2.881938,2.861156,-1.530712
631.0000,354.083570,354.207455,-13.410112,2.930054,2.917300,-1.660478
632.0000,357.035456,357.149570,-15.141737,2.977455,2.969103,-1.807006
633.0000,360.038819,360.153105,-17.022185,3.032321,3.030836,-1.955828
634.0000,363.094194,363.213712,-19.055565,3.071477,3.084623,-2.106348
635.0000,366.189214,366.320266,-21.247738,3.119113,3.128902,-2.268551
636.0000,369.337806,369.479226,-23.591350,3.171442,3.188533,-2.425691
637.0000,372.531312,372.675498,-26.101160,3.223327,3.215218,-2.602488
638.0000,375.776373,375.914083,-28.785895,3.257359,3.257942,-2.765556
639.0000,379.043098,379.186902,-31.638924,3.280729,3.290340,-2.942859
640.0000,382.339163,382.486435,-34.670464,3.316371,3.317263,-3.128709
641.0000,385.674426,385.823206,-37.884864,3.357203,3.358405,-3.307992
642.0000,389.040991,389.192911,-41.271781,3.379366,3.383384,-3.466903
643.0000,392.437677,392.586523,-44.815810,3.408583,3.398449,-3.626373
644.0000,395.857773,396.003583,-48.525394,3.420966,3.427545,-3.797114
645.0000,399.288981,399.435695,-52.407106,3.443744,3.445112,-3.971186
646.0000,402.740843,402.892102,-56.469976,3.457357,3.465746,-4.143651
647.0000,406.213236,406.358217,-60.696971,3.485769,3.473658,-4.321348
648.0000,409.694528,409.839431,-65.111743,3.477578,3.495708,-4.506014
649.0000,413.178901,413.338814,-69.704404,3.493055,3.509659,-4.675440
650.0000,416.677348,416.837505,-74.463333,3.506446,3.490281,-4.837607
651.0000,420.177447,420.333065,-79.378656,3.493399,3.505995,-4.994183
652.0000,423.670404,423.838299,-84.458139,3.494132,3.498638,-5.163960
653.0000,427.172615,427.339201,-89.687678,3.500073,3.503790,-5.298821
654.0000,430.665806,430.831857,-95.062187,3.484348,3.474672,-5.441648
655.0000,434.143275,434.300622,-100.571652,3.475905,3.465043,-5.578918
656.0000,437.620563,437.754044,-106.212503,3.475375,3.450427,-5.704032
657.0000,441.079175,441.200201,-111.977677,3.449804,3.438624,-5.826696
658.0000,444.519909,444.633150,-117.864268,3.430916,3.430096,-5.941370
659.0000,447.934937,448.047027,-123.860676,3.399419,3.402891,-6.045656
660.0000,451.325724,451.446827,-129.953997,3.386612,3.387881,-6.142156
661.0000,454.693897,454.814735,-136.136541,3.352054,3.350771,-6.223594
662.0000,458.026400,458.148433,-142.393259,3.316214,3.313783,-6.283903
663.0000,461.336036,461.442465,-148.710792,3.295390,3.273070,-6.350870
664.0000,464.614393,464.705056,-155.090674,3.259271,3.249398,-6.399308
665.0000,467.846722,467.944622,-161.508498,3.200499,3.218784,-6.428578
666.0000,471.027733,471.137794,-167.949796,3.160589,3.167834,-6.462436
667.0000,474.170370,474.284636,-174.432949,3.121155,3.127332,-6.489191
668.0000,477.264684,477.391936,-180.921777,3.071560,3.087251,-6.483417
669.0000,480.323482,480.453501,-187.412206,3.041840,3.035416,-6.487136
670.0000,483.333237,483.457561,-193.881925,2.979848,2.974063,-6.445955
671.0000,486.282984,486.408877,-200.312486,2.923964,2.928583,-6.406655
672.0000,489.191760,489.304309,-206.696639,2.880219,2.862429,-6.361892
673.0000,492.038336,492.148204,-213.030411,2.811363,2.823662,-6.302529
674.0000,494.817329,494.936225,-219.293424,2.750630,2.751657,-6.221693
675.0000,497.530129,497.656776,-225.474355,2.677891,2.686537,-6.135324
676.0000,500.179402,500.309807,-231.564570,2.615283,2.613846,-6.033403
677.0000,502.766830,502.896509,-237.542694,2.557019,2.557280,-5.919790
678.0000,505.284429,505.417859,-243.396747,2.478303,2.485240,-5.772725
679.0000,507.731696,507.860108,-249.106237,2.407104,2.413683,-5.637934
680.0000,510.109493,510.233998,-254.665439,2.341978,2.340984,-5.480090
681.0000,512.420152,512.532962,-260.060449,2.278910,2.261438,-5.305863
682.0000,514.654653,514.761887,-265.278346,2.195735,2.190886,-5.128474
683.0000,516.803996,516.908048,-270.318551,2.110711,2.106935,-4.942621
684.0000,518.878880,518.978785,-275.168118,2.040606,2.032916,-4.751373
685.0000,520.875980,520.966952,-279.807325,1.945540,1.944357,-4.519821
686.0000,522.780742,522.864294,-284.208330,1.854227,1.849023,-4.285119
687.0000,524.601515,524.676423,-288.376969,1.774920,1.773150,-4.044215
688.0000,526.331439,526.415413,-292.302763,1.677513,1.686000,-3.808887
689.0000,527.964446,528.068955,-295.974996,1.587648,1.606423,-3.543455
690.0000,529.510923,529.632564,-299.393056,1.511520,1.524783,-3.277130
691.0000,530.983090,531.122711,-302.524003,1.426581,1.443690,-2.996774
692.0000,532.358070,532.512492,-305.378598,1.331556,1.337096,-2.719729
693.0000,533.653925,533.793554,-307.963797,1.256108,1.238489,-2.436916
694.0000,534.864067,534.984157,-310.261253,1.163078,1.145169,-2.153569
695.0000,535.974975,536.090023,-312.257604,1.049665,1.063104,-1.839210
696.0000,536.988523,537.112686,-313.947522,0.972254,0.970852,-1.543449
697.0000,537.899101,538.034874,-315.349803,0.858271,0.871067,-1.247707
698.0000,538.714727,538.866504,-316.445206,0.774690,0.787822,-0.948903
699.0000,539.444071,539.603011,-317.234554,0.681056,0.684180,-0.626699
700.0000,540.076535,540.243259,-317.701653,0.590064,0.581999,-0.314041
701.0000,540.620166,540.776198,-317.864354,0.496361,0.487550,0.007899
702.0000,541.071084,541.218394,-317.698591,0.405991,0.388954,0.318197
703.0000,541.421949,541.567861,-317.226053,0.304737,0.305675,0.628960
704.0000,541.684566,541.834770,-316.440833,0.223019,0.222478,0.947183
705.0000,541.857558,542.009809,-315.346884,0.112317,0.131877,1.243187
706.0000,541.923543,542.092034,-313.939354,0.020474,0.036476,1.569178
707.0000,541.904620,542.083688,-312.229644,-0.069464,-0.058118,1.859433
708.0000,541.788236,541.979032,-310.221556,-0.164902,-0.148175,2.165145
709.0000,541.589101,541.785494,-307.917053,-0.235108,-0.238467,2.444891
710.0000,541.301508,541.502336,-305.333115,-0.334868,-0.328451,2.732159
711.0000,540.924477,541.128909,-302.468137,-0.429998,-0.411830,3.012254
712.0000,540.446272,540.665560,-299.321231,-0.527292,-0.508719,3.289363
713.0000,539.875751,540.121797,-295.898881,-0.608755,-0.591975,3.555824
714.0000,539.221895,539.480147,-292.220463,-0.701808,-0.683589,3.804066
715.0000,538.480674,538.756560,-288.293778,-0.779220,-0.773439,4.042001
716.0000,537.658440,537.942205,-284.134842,-0.869071,-0.861707,4.283275
717.0000,536.748615,537.044645,-279.738786,-0.957318,-0.944722,4.509040
718.0000,535.755874,536.056591,-275.115069,-1.022089,-1.033503,4.730407
719.0000,534.694275,534.977326,-270.278361,-1.100066,-1.116579,4.938087
720.0000,533.545623,533.827148,-265.255118,-1.189403,-1.191107,5.115524
721.0000,532.323524,532.603242,-260.042345,-1.252973,-1.259266,5.292719
722.0000,531.027714,531.305722,-254.664034,-1.338181,-1.341878,5.472399
723.0000,529.655779,529.929718,-249.109201,-1.404574,-1.406533,5.647932
724.0000,528.212841,528.483860,-243.390702,-1.480508,-1.486422,5.781265
725.0000,526.698511,526.967536,-237.544288,-1.550913,-1.547503,5.908302
726.0000,525.113919,525.378522,-231.578125,-1.620294,-1.624567,6.027363
727.0000,523.461697,523.722304,-225.491272,-1.683323,-1.691540,6.141513
728.0000,521.740908,522.000281,-219.312126,-1.748121,-1.754605,6.225857
729.0000,519.955794,520.220092,-213.052813,-1.820428,-1.810867,6.298983
730.0000,518.109989,518.384447,-206.719528,-1.867648,-1.859209,6.371973
731.0000,516.212715,516.488829,-200.318548,-1.919054,-1.928879,6.425665
732.0000,514.267497,514.531644,-193.882104,-1.975349,-1.983902,6.454442
733.0000,512.263837,512.517753,-187.413276,-2.030936,-2.037958,6.477618
734.0000,510.207878,510.458927,-180.937486,-2.077610,-2.074195,6.474315
735.0000,508.099529,508.356001,-174.456348,-2.138687,-2.126330,6.477635
736.0000,505.940329,506.209352,-167.982281,-2.178825,-2.170008,6.467901
737.0000,503.745484,504.025260,-161.520832,-2.211993,-2.211050,6.447560
738.0000,501.509624,501.800086,-155.099458,-2.255550,-2.240230,6.402371
739.0000,499.237899,499.537430,-148.725534,-2.290549,-2.281714,6.348109
740.0000,496.923518,497.236027,-142.408995,-2.331697,-2.314320,6.281493
741.0000,494.575243,494.899212,-136.158231,-2.356352,-2.354366,6.218422
742.0000,492.201031,492.539155,-129.987554,-2.380435,-2.363107,6.128617
743.0000,489.806352,490.163155,-123.907546,-2.399533,-2.396510,6.032664
744.0000,487.384872,487.756206,-117.924824,-2.436137,-2.415592,5.931838
745.0000,484.943901,485.325986,-112.044750,-2.448819,-2.439458,5.829455
746.0000,482.488904,482.867306,-106.274267,-2.456790,-2.464442,5.709881
747.0000,480.026357,480.400781,-100.629226,-2.471699,-2.464327,5.575334
748.0000,477.548920,477.932154,-95.121044,-2.481465,-2.479652,5.440956
749.0000,475.065555,475.448537,-89.740208,-2.495979,-2.482808,5.317923
750.0000,472.570814,472.964903,-84.499808,-2.500583,-2.489164,5.168596
751.0000,470.063862,470.476343,-79.415687,-2.511508,-2.495731,5.004166
752.0000,467.551060,467.974963,-74.495415,-2.511754,-2.506134,4.838405
753.0000,465.045626,465.484382,-69.738647,-2.500525,-2.481441,4.671254
754.0000,462.551804,463.005118,-65.146663,-2.481068,-2.466099,4.507671
755.0000,460.070103,460.533344,-60.725452,-2.474897,-2.464583,4.338088
756.0000,457.599915,458.074441,-56.468988,-2.459970,-2.455264,4.166003
757.0000,455.143125,455.614104,-52.390295,-2.440018,-2.458351,3.991140
758.0000,452.702217,453.176080,-48.485827,-2.432523,-2.426127,3.818175
759.0000,450.276855,450.763669,-44.752494,-2.406534,-2.403069,3.636703
760.0000,447.883318,448.366396,-41.208727,-2.380487,-2.381352,3.460483
761.0000,445.507502,445.992252,-37.834776,-2.357919,-2.348727,3.277957
762.0000,443.168078,443.651662,-34.634168,-2.323964,-2.336148,3.109801
763.0000,440.869681,441.338447,-31.611618,-2.284119,-2.284566,2.944505
764.0000,438.609727,439.062427,-28.749391,-2.243089,-2.258895,2.772716
765.0000,436.385385,436.820529,-26.066071,-2.205904,-2.216258,2.595488
766.0000,434.194564,434.620811,-23.549180,-2.173613,-2.191606,2.434830
767.0000,432.040108,432.457763,-21.204707,-2.132614,-2.136941,2.256023
768.0000,429.940156,430.348882,-19.022900,-2.072681,-2.084349,2.106751
769.0000,427.890414,428.291484,-16.984167,-2.028023,-2.023857,1.962337
770.0000,425.885017,426.288850,-15.100137,-1.979244,-1.978710,1.809505
771.0000,423.928478,424.337301,-13.357955,-1.937264,-1.915261,1.666866
772.0000,422.017488,422.449347,-11.763000,-1.875324,-1.861794,1.524650
773.0000,420.181541,420.612403,-10.310208,-1.801494,-1.814830,1.387107
774.0000,418.411686,418.830388,-8.986504,-1.741846,-1.753178,1.265901
775.0000,416.694451,417.109370,-7.788240,-1.688678,-1.684016,1.139212
776.0000,415.036840,415.451234,-6.705160,-1.627110,-1.627067,1.029775
777.0000,413.442173,413.848801,-5.722993,-1.566968,-1.570999,0.922812
778.0000,411.914274,412.317376,-4.850451,-1.492638,-1.491552,0.833486
779.0000,410.456160,410.866635,-4.066102,-1.413645,-1.405626,0.738111
780.0000,409.080333,409.495027,-3.365186,-1.336346,-1.338982,0.653875
781.0000,407.783482,408.200235,-2.761948,-1.254045,-1.264410,0.557218
782.0000,406.566935,406.975832,-2.238452,-1.178558,-1.177683,0.490567
783.0000,405.428451,405.831897,-1.786023,-1.099658,-1.099870,0.405204
784.0000,404.365338,404.762404,-1.406644,-1.023366,-1.033353,0.349093
785.0000,403.380593,403.771435,-1.081124,-0.942698,-0.947737,0.300193
786.0000,402.477430,402.863526,-0.802153,-0.858351,-0.864663,0.259256
787.0000,401.661393,402.041116,-0.567789,-0.784086,-0.783908,0.206183
788.0000,400.919861,401.299421,-0.376042,-0.693439,-0.696026,0.176661
789.0000,400.267204,400.646845,-0.219616,-0.598743,-0.614596,0.145217
790.0000,399.704061,400.077079,-0.087590,-0.514364,-0.527703,0.116732
791.0000,399.229261,399.599765,0.012552,-0.431464,-0.433380,0.088061
792.0000,398.840626,399.210721,0.087001,-0.343189,-0.343179,0.058094
793.0000,398.547884,398.921639,0.145847,-0.238435,-0.247051,0.050124
794.0000,398.351101,398.720413,0.181285,-0.150236,-0.160028,0.034853
795.0000,398.250847,398.612495,0.200544,-0.051010,-0.058999,0.013992
796.0000,398.238019,398.596594,0.216676,0.034625,0.031498,0.014990
797.0000,398.309959,398.677933,0.230279,0.118556,0.127920,0.012758
798.0000,398.472659,398.852278,0.240346,0.211152,0.220160,0.010168
799.0000,398.727910,399.122474,0.243522,0.309849,0.314995,0.002356
800.0000,399.087712,399.485378,0.246522,0.418544,0.405022,0.006610
801.0000,399.549171,399.943008,0.245204,0.502784,0.504177,-0.007888
802.0000,400.101490,400.492195,0.242016,0.598308,0.598804,-0.003584
803.0000,400.741529,401.135469,0.240064,0.681629,0.687555,-0.000117
804.0000,401.470954,401.869114,0.238460,0.780196,0.786370,-0.005714
805.0000,402.299794,402.696941,0.232533,0.874464,0.874039,-0.011505
806.0000,403.220067,403.614728,0.221956,0.972726,0.960505,-0.016150
807.0000,404.237579,404.629387,0.208259,1.061198,1.064887,-0.012889
808.0000,405.348186,405.745490,0.182514,1.153248,1.166494,-0.029061
809.0000,406.553487,406.951726,0.144604,1.247670,1.252909,-0.051531
810.0000,407.843767,408.245096,0.089807,1.335175,1.334330,-0.063976
811.0000,409.218587,409.626285,0.014666,1.421950,1.427284,-0.085015
812.0000,410.688017,411.098650,-0.081255,1.514678,1.508830,-0.109475
813.0000,412.247554,412.655333,-0.199185,1.605770,1.602080,-0.129411
814.0000,413.894069,414.299418,-0.347682,1.691475,1.687175,-0.154852
815.0000,415.624428,416.035758,-0.523719,1.778641,1.783092,-0.204071
816.0000,417.441265,417.858511,-0.748945,1.858440,1.860368,-0.241850
817.0000,419.340687,419.760797,-1.016614,1.943082,1.934287,-0.293669
818.0000,421.319205,421.736513,-1.342879,2.016551,2.024062,-0.354930
819.0000,423.378467,423.803470,-1.732037,2.100075,2.100320,-0.415607
820.0000,425.520379,425.939580,-2.179350,2.189949,2.177781,-0.488862
821.0000,427.749724,428.160603,-2.708249,2.267117,2.257529,-0.572442
822.0000,430.051286,430.456348,-3.311962,2.332112,2.324906,-0.646878
823.0000,432.423060,432.812833,-3.998320,2.407506,2.387585,-0.732449
824.0000,434.868290,435.242377,-4.778446,2.480330,2.468279,-0.831976
825.0000,437.384025,437.758684,-5.658546,2.548270,2.549134,-0.934894
826.0000,439.964063,440.343256,-6.643304,2.618634,2.612833,-1.037441
827.0000,442.619344,442.995205,-7.732757,2.694125,2.684133,-1.144946
828.0000,445.341731,445.714209,-8.939083,2.756619,2.751084,-1.265559
829.0000,448.125690,448.494275,-10.274754,2.811321,2.809065,-1.399579
830.0000,450.965046,451.334956,-11.742147,2.859035,2.869556,-1.527529
831.0000,453.856914,454.228707,-13.341685,2.927776,2.920032,-1.676538
832.0000,456.812949,457.179256,-15.084889,2.990204,2.987041,-1.816144
833.0000,459.830406,460.183447,-16.973364,3.025864,3.033706,-1.960626
834.0000,462.881509,463.236695,-19.008998,3.078406,3.070123,-2.104758
835.0000,465.980703,466.328173,-21.198181,3.125238,3.120986,-2.269502
836.0000,469.128616,469.475864,-23.550718,3.169966,3.167517,-2.447467
837.0000,472.319619,472.664997,-26.079792,3.212249,3.204542,-2.614442
838.0000,475.544885,475.888626,-28.767988,3.241594,3.244476,-2.776413
839.0000,478.804174,479.163486,-31.623769,3.279572,3.297121,-2.936877
840.0000,482.108816,482.471324,-34.651169,3.327475,3.325906,-3.118497
841.0000,485.447845,485.811037,-37.854250,3.350386,3.358081,-3.294201
842.0000,488.812193,489.185457,-41.236175,3.373882,3.393737,-3.476910
843.0000,492.199974,492.582095,-44.791972,3.404982,3.407220,-3.635922
844.0000,495.618107,496.014548,-48.521405,3.427579,3.437112,-3.808059
845.0000,499.052365,499.461311,-52.418970,3.450396,3.462646,-3.988951
846.0000,502.500087,502.921704,-56.493957,3.453665,3.453368,-4.169279
847.0000,505.959064,506.382048,-60.748650,3.461725,3.466035,-4.334381
848.0000,509.427742,509.858358,-65.164598,3.473435,3.488257,-4.504527
849.0000,512.908573,513.349941,-69.753148,3.485423,3.491675,-4.675631
850.0000,516.396756,516.845120,-74.515053,3.487116,3.494973,-4.850831
851.0000,519.884618,520.347156,-79.446673,3.485900,3.517829,-5.005487
852.0000,523.381290,523.860910,-84.529170,3.496738,3.499865,-5.155367
853.0000,526.885210,527.358499,-89.757020,3.499912,3.501477,-5.294488
854.0000,530.374306,530.858507,-95.124432,3.471036,3.495635,-5.433032
855.0000,533.849552,534.344234,-100.633258,3.468205,3.475757,-5.573193
856.0000,537.316595,537.812262,-106.268720,3.459623,3.462427,-5.691760
857.0000,540.769746,541.268044,-112.025909,3.445674,3.446062,-5.819041
858.0000,544.210400,544.706045,-117.907946,3.433383,3.422200,-5.941641
859.0000,547.620445,548.116632,-123.900995,3.400260,3.399842,-6.043927
860.0000,551.010157,551.511968,-129.989651,3.376051,3.385896,-6.123396
861.0000,554.367622,554.882869,-136.161270,3.339814,3.351384,-6.217474
862.0000,557.694403,558.220544,-142.413684,3.314802,3.327539,-6.291548
863.0000,560.991278,561.530750,-148.745455,3.283112,3.296808,-6.363311
864.0000,564.257821,564.802182,-155.129628,3.249701,3.243528,-6.400720
865.0000,567.484479,568.031197,-161.559893,3.214890,3.209786,-6.450198
866.0000,570.680651,571.224848,-168.027861,3.171613,3.170870,-6.486360
867.0000,573.835915,574.375230,-174.513433,3.131072,3.122906,-6.481876
868.0000,576.941509,577.473840,-180.998004,3.077906,3.072328,-6.486368
869.0000,579.995204,580.531574,-187.478004,3.030601,3.032585,-6.476174
870.0000,582.998573,583.536627,-193.944662,2.980252,2.973122,-6.448365
871.0000,585.952716,586.489084,-200.379161,2.920708,2.928688,-6.413666
872.0000,588.846110,589.390843,-206.770712,2.854962,2.869380,-6.365066
873.0000,591.670940,592.230886,-213.100151,2.795544,2.819861,-6.294120
874.0000,594.440951,595.021684,-219.359878,2.738023,2.761546,-6.216232
875.0000,597.157483,597.742579,-225.539047,2.681759,2.680599,-6.138097
876.0000,599.807628,600.385724,-231.617170,2.611806,2.609847,-6.022351
877.0000,602.387853,602.962664,-237.586902,2.554085,2.543482,-5.915571
878.0000,604.911585,605.480068,-243.435959,2.492735,2.483963,-5.775370
879.0000,607.368946,607.930060,-249.136277,2.414732,2.417957,-5.630475
880.0000,609.754686,610.306419,-254.684352,2.348834,2.331983,-5.470305
881.0000,612.067043,612.605019,-260.078101,2.267003,2.256437,-5.312693
882.0000,614.293852,614.823441,-265.307611,2.182499,2.171328,-5.135207
883.0000,616.441818,616.961557,-270.347040,2.113177,2.091517,-4.942352
884.0000,618.517157,619.017454,-275.187030,2.030752,2.017029,-4.741137
885.0000,620.509323,620.996361,-279.820685,1.953882,1.938890,-4.519557
886.0000,622.408848,622.900798,-284.225186,1.858711,1.859780,-4.281761
887.0000,624.231171,624.715125,-288.393974,1.786771,1.761118,-4.047389
888.0000,625.970904,626.440012,-292.323201,1.698459,1.683304,-3.801063
889.0000,627.624202,628.077960,-296.002918,1.610924,1.593088,-3.543945
890.0000,629.195674,629.632930,-299.424770,1.522058,1.514104,-3.288015
891.0000,630.669632,631.095118,-302.582798,1.427574,1.406789,-3.024422
892.0000,632.044830,632.463860,-305.460747,1.329867,1.319574,-2.737620
893.0000,633.336439,633.741672,-308.060696,1.252864,1.239726,-2.449616
894.0000,634.539051,634.941024,-310.366660,1.158818,1.161665,-2.154615
895.0000,635.653746,636.051525,-312.368293,1.068981,1.065300,-1.850670
896.0000,636.674405,637.072035,-314.071840,0.976934,0.978239,-1.550575
897.0000,637.603321,637.994072,-315.468534,0.881839,0.872732,-1.234716
898.0000,638.437191,638.820537,-316.556205,0.784191,0.787349,-0.935328
899.0000,639.169851,639.552744,-317.342036,0.683140,0.684185,-0.627045
900.0000,639.808298,640.191880,-317.816628,0.604187,0.589070,-0.312818
901.0000,640.364787,640.735984,-317.972558,0.501323,0.497526,0.009260
902.0000,640.822066,641.189894,-317.814337,0.412330,0.405829,0.318908
903.0000,641.187771,641.554075,-317.344783,0.315775,0.325871,0.621316
904.0000,641.462393,641.824795,-316.572725,0.230262,0.213989,0.928689
905.0000,641.641616,641.992810,-315.492575,0.126624,0.131554,1.235762
906.0000,641.719553,642.078196,-314.098737,0.024161,0.042348,1.555707
907.0000,641.696618,642.063213,-312.393413,-0.069655,-0.063037,1.851596
908.0000,641.583370,641.945507,-310.390814,-0.162929,-0.163494,2.152295
909.0000,641.378753,641.734588,-308.089252,-0.252617,-0.253837,2.449024
910.0000,641.081591,641.435482,-305.494947,-0.341390,-0.345217,2.747442
911.0000,640.703266,641.055469,-302.604195,-0.429448,-0.414179,3.032176
912.0000,640.229713,640.596852,-299.439159,-0.514913,-0.505581,3.296516
913.0000,639.666621,640.045375,-296.014148,-0.606476,-0.604725,3.559722
914.0000,639.012188,639.387533,-292.337498,-0.696496,-0.707127,3.800200
915.0000,638.272970,638.639109,-288.418599,-0.776869,-0.791504,4.044590
916.0000,637.442862,637.823724,-284.249908,-0.873917,-0.852346,4.287561
917.0000,636.539510,636.929413,-279.848105,-0.939136,-0.937380,4.524728
918.0000,635.557643,635.950340,-275.221775,-1.022115,-1.022174,4.735620
919.0000,634.493415,634.883152,-270.383494,-1.106509,-1.106689,4.943907
920.0000,633.347511,633.732797,-265.341590,-1.184556,-1.189378,5.139501
921.0000,632.122226,632.504705,-260.114418,-1.267840,-1.269863,5.323500
922.0000,630.819781,631.201143,-254.714457,-1.337098,-1.338300,5.485354
923.0000,629.447061,629.823238,-249.148655,-1.411971,-1.410763,5.642496
924.0000,628.002138,628.375794,-243.430451,-1.480689,-1.479310,5.787858
925.0000,626.487639,626.855066,-237.580686,-1.539268,-1.558245,5.912442
926.0000,624.908162,625.257586,-231.609297,-1.620008,-1.635062,6.031143
927.0000,623.255549,623.593711,-225.529607,-1.678897,-1.688067,6.125064
928.0000,621.546121,621.875806,-219.347533,-1.743196,-1.739426,6.230004
929.0000,619.770513,620.110809,-213.074455,-1.814780,-1.801794,6.313244
930.0000,617.921492,618.273138,-206.736487,-1.881590,-1.866766,6.366386
931.0000,616.028680,616.368112,-200.345337,-1.914307,-1.934376,6.411795
932.0000,614.079441,614.407923,-193.913597,-1.982014,-1.987386,6.453885
933.0000,612.073793,612.398533,-187.447148,-2.024863,-2.030025,6.469741
934.0000,610.022450,610.342700,-180.969654,-2.075256,-2.079323,6.485330
935.0000,607.921581,608.232097,-174.484358,-2.124401,-2.138664,6.481831
936.0000,605.772945,606.074841,-167.999716,-2.180505,-2.172804,6.478076
937.0000,603.584368,603.877753,-161.529447,-2.207732,-2.214975,6.460962
938.0000,601.351436,601.640113,-155.097378,-2.251533,-2.248174,6.413308
939.0000,599.084298,599.374807,-148.714593,-2.279961,-2.277152,6.355909
940.0000,596.786001,597.082895,-142.389177,-2.322883,-2.311753,6.297000
941.0000,594.444131,594.749198,-136.136675,-2.359500,-2.354156,6.214125
942.0000,592.078499,592.381704,-129.962929,-2.381438,-2.389934,6.130107
943.0000,589.683595,589.982477,-123.873659,-2.407615,-2.404332,6.042013
944.0000,587.265185,587.565123,-117.874796,-2.429645,-2.435688,5.945216
945.0000,584.829748,585.128955,-111.987041,-2.438514,-2.438042,5.829882
946.0000,582.382760,582.674802,-106.225095,-2.456813,-2.460867,5.711203
947.0000,579.922274,580.210740,-100.583842,-2.464810,-2.471102,5.577960
948.0000,577.448194,577.737527,-95.071750,-2.482578,-2.482596,5.439136
949.0000,574.962754,575.257370,-89.705691,-2.487768,-2.491236,5.289531
950.0000,572.470560,572.769671,-84.481824,-2.495718,-2.493491,5.147594
951.0000,569.974911,570.268915,-79.412132,-2.487207,-2.498516,4.989870
952.0000,567.484899,567.776571,-74.501361,-2.485456,-2.494877,4.828341
953.0000,564.995025,565.287378,-69.744925,-2.486486,-2.485345,4.679697
954.0000,562.512834,562.798591,-65.154610,-2.477837,-2.493737,4.504126
955.0000,560.038818,560.316345,-60.732054,-2.471157,-2.481840,4.336211
956.0000,557.568671,557.838034,-56.481190,-2.471712,-2.466199,4.163784
957.0000,555.103021,555.377671,-52.405164,-2.456246,-2.466887,3.984820
958.0000,552.662814,552.916958,-48.503609,-2.425813,-2.441384,3.812818
959.0000,550.243057,550.491069,-44.777605,-2.410702,-2.397631,3.643470
960.0000,547.834486,548.099103,-41.230283,-2.400823,-2.384690,3.458145
961.0000,545.457508,545.726439,-37.864936,-2.360407,-2.363857,3.270099
962.0000,543.114791,543.382571,-34.675878,-2.328791,-2.328010,3.104782
963.0000,540.805150,541.066812,-31.657354,-2.292893,-2.307233,2.929808
964.0000,538.536689,538.781094,-28.813407,-2.244313,-2.263388,2.755075
965.0000,536.304416,536.548179,-26.139652,-2.217779,-2.208219,2.598181
966.0000,534.109069,534.358364,-23.618397,-2.170573,-2.173043,2.434290
967.0000,531.966381,532.209140,-21.263479,-2.126512,-2.128127,2.278491
968.0000,529.869307,530.099732,-19.066098,-2.070762,-2.077869,2.116204
969.0000,527.821589,528.043414,-17.023601,-2.024084,-2.029089,1.976105
970.0000,525.824057,526.040037,-15.122874,-1.965199,-1.973050,1.825832
971.0000,523.882435,524.091527,-13.364067,-1.920719,-1.914285,1.682656
972.0000,521.991986,522.199689,-11.743846,-1.867824,-1.868880,1.544063
973.0000,520.144395,520.360796,-10.271620,-1.817374,-1.799490,1.400551
974.0000,518.365702,518.575978,-8.942698,-1.742659,-1.760944,1.260168
975.0000,516.655629,516.852741,-7.729849,-1.680725,-1.683123,1.159028
976.0000,515.009562,515.194372,-6.627793,-1.619295,-1.629827,1.036232
977.0000,513.424636,513.606338,-5.644268,-1.551564,-1.546289,0.933351
978.0000,511.911508,512.085606,-4.760790,-1.481920,-1.490965,0.829632
979.0000,510.468150,510.633809,-3.979579,-1.404550,-1.418005,0.736453
980.0000,509.099067,509.251690,-3.285273,-1.339938,-1.340013,0.643746
981.0000,507.793487,507.950939,-2.685932,-1.269708,-1.263404,0.556719
982.0000,506.565493,506.729706,-2.172420,-1.187913,-1.182018,0.477136
983.0000,505.415324,505.588278,-1.718934,-1.108980,-1.099328,0.423386
984.0000,504.349977,504.521391,-1.329608,-1.023283,-1.037175,0.354080
985.0000,503.361836,503.532629,-1.006756,-0.945852,-0.947026,0.292408
986.0000,502.446273,502.626469,-0.731260,-0.869636,-0.865751,0.252175
987.0000,501.622595,501.799879,-0.497575,-0.782899,-0.786004,0.211282
988.0000,500.877640,501.061678,-0.302934,-0.702131,-0.693520,0.176191
989.0000,500.221016,500.418392,-0.155503,-0.608995,-0.608141,0.120711
990.0000,499.652567,499.855688,-0.041397,-0.525506,-0.513874,0.099629
991.0000,499.173849,499.383155,0.046499,-0.424078,-0.429243,0.074750
992.0000,498.800256,498.988029,0.118122,-0.334965,-0.346022,0.056733
993.0000,498.506797,498.689730,0.161502,-0.236627,-0.247348,0.037550
994.0000,498.305041,498.494704,0.195447,-0.163872,-0.147773,0.027450
995.0000,498.191407,498.388522,0.214141,-0.058591,-0.074279,0.016149
996.0000,498.180260,498.361828,0.234768,0.040663,0.028553,0.022852
997.0000,498.258782,498.438560,0.253754,0.121714,0.125812,0.015484
998.0000,498.421632,498.607834,0.261667,0.203839,0.217233,0.009729
999.0000,498.677426,498.866584,0.262249,0.308772,0.305862,-0.001555
1000.0000,499.037941,499.220345,0.262887,0.400029,0.394670,-0.004081
1001.0000,499.490708,499.665250,0.254244,0.502617,0.500760,-0.015160
1002.0000,500.042272,500.214029,0.244345,0.602743,0.597359,-0.004621
1003.0000,500.689948,500.852202,0.240229,0.697286,0.685770,-0.006084
1004.0000,501.421555,501.585720,0.233139,0.771624,0.784530,-0.007591
1005.0000,502.238416,502.407498,0.224291,0.874188,0.868398,-0.013184
1006.0000,503.164371,503.314169,0.209739,0.971457,0.958660,-0.019477
1007.0000,504.178008,504.325209,0.186661,1.055155,1.061670,-0.018818
1008.0000,505.282299,505.428337,0.165002,1.150833,1.152984,-0.027652
1009.0000,506.477907,506.619738,0.134776,1.234616,1.237267,-0.037325
1010.0000,507.759991,507.904274,0.090445,1.330551,1.332215,-0.043510
1011.0000,509.138825,509.274459,0.019223,1.425493,1.423413,-0.090592
1012.0000,510.603728,510.743509,-0.080171,1.508108,1.509649,-0.110922
1013.0000,512.152448,512.298077,-0.196659,1.593444,1.596573,-0.125883
1014.0000,513.792399,513.932805,-0.341418,1.678783,1.684978,-0.165411
1015.0000,515.514870,515.656517,-0.528970,1.768531,1.771877,-0.212702
1016.0000,517.329530,517.476573,-0.766433,1.857082,1.862639,-0.260846
1017.0000,519.226547,519.380346,-1.046998,1.932811,1.938622,-0.303999
1018.0000,521.202701,521.354992,-1.381476,2.025402,2.020034,-0.368237
1019.0000,523.269650,523.416037,-1.772919,2.111626,2.106239,-0.419465
1020.0000,525.425756,525.561090,-2.230910,2.196041,2.183026,-0.494024
1021.0000,527.655853,527.791752,-2.763036,2.259904,2.267429,-0.557396
1022.0000,529.955053,530.091218,-3.364610,2.340349,2.334130,-0.646920
1023.0000,532.338369,532.464296,-4.058066,2.427380,2.412783,-0.739480
1024.0000,534.793787,534.912396,-4.841037,2.482668,2.483965,-0.832366
1025.0000,537.314336,537.428189,-5.721064,2.555742,2.549872,-0.935049
1026.0000,539.901196,540.010106,-6.706610,2.619060,2.617228,-1.035352
1027.0000,542.560085,542.663288,-7.798101,2.692170,2.692265,-1.151135
1028.0000,545.271965,545.382771,-9.016718,2.742908,2.749329,-1.275949
1029.0000,548.051202,548.165410,-10.364838,2.805648,2.811673,-1.416734
1030.0000,550.898061,551.008069,-11.846346,2.880952,2.867946,-1.546760
1031.0000,553.799586,553.910410,-13.448628,2.935390,2.924966,-1.666676
1032.0000,556.764275,556.861025,-15.184363,2.987787,2.972955,-1.812632
1033.0000,559.772558,559.858501,-17.074980,3.033404,3.024131,-1.963072
1034.0000,562.821688,562.900783,-19.111243,3.066023,3.061782,-2.112047
1035.0000,565.917184,565.999967,-21.302905,3.122370,3.126165,-2.270506
1036.0000,569.056715,569.145331,-23.657596,3.156384,3.162412,-2.444033
1037.0000,572.236909,572.335064,-26.169311,3.207273,3.213063,-2.590975
1038.0000,575.471340,575.561926,-28.845795,3.257457,3.242022,-2.765544
1039.0000,578.747605,578.820218,-31.696878,3.295708,3.279569,-2.940873
1040.0000,582.053307,582.115194,-34.724318,3.315212,3.309852,-3.117624
1041.0000,585.388307,585.443377,-37.929486,3.345519,3.347096,-3.297059
1042.0000,588.759751,588.803013,-41.310438,3.391598,3.382878,-3.467008
1043.0000,592.164817,592.194010,-44.862409,3.416468,3.407313,-3.641651
1044.0000,595.587626,595.607739,-48.583851,3.431535,3.414735,-3.821166
1045.0000,599.026433,599.040345,-52.490817,3.444953,3.448087,-3.995814
1046.0000,602.483622,602.496320,-56.569810,3.464440,3.463719,-4.158639
1047.0000,605.952682,605.964513,-60.822959,3.469660,3.467935,-4.338814
1048.0000,609.427963,609.443021,-65.243076,3.484555,3.484469,-4.496585
1049.0000,612.913099,612.938658,-69.830733,3.483439,3.495784,-4.668372
1050.0000,616.401573,616.435854,-74.588772,3.496572,3.497960,-4.846226
1051.0000,619.904033,619.935532,-79.504373,3.509997,3.501738,-4.989902
1052.0000,623.408054,623.435327,-84.573395,3.506391,3.502458,-5.156243
1053.0000,626.911510,626.936738,-89.801913,3.499006,3.501474,-5.299534
1054.0000,630.403947,630.432830,-95.179835,3.489134,3.491896,-5.455295
1055.0000,633.891104,633.914499,-100.694192,3.481644,3.475445,-5.581059
1056.0000,637.360658,637.383021,-106.337301,3.462458,3.460131,-5.700425
1057.0000,640.819406,640.832589,-112.103623,3.439381,3.434211,-5.821222
1058.0000,644.254621,644.258575,-117.979655,3.429837,3.411151,-5.940506
1059.0000,647.668858,647.665526,-123.974031,3.412413,3.404778,-6.047677
1060.0000,651.068644,651.056425,-130.065728,3.387687,3.378139,-6.135657
1061.0000,654.434648,654.420063,-136.248006,3.357142,3.351655,-6.227147
1062.0000,657.769837,657.759218,-142.507945,3.316137,3.325447,-6.298541
1063.0000,661.079595,661.070940,-148.839224,3.293339,3.302809,-6.355521
1064.0000,664.355649,664.345919,-155.218171,3.254936,3.251835,-6.396310
1065.0000,667.589854,667.581805,-161.634297,3.224389,3.216261,-6.440496
1066.0000,670.783494,670.773840,-168.093793,3.169804,3.172794,-6.472638
1067.0000,673.927023,673.923797,-174.572753,3.126476,3.134366,-6.487202
1068.0000,677.033606,677.032354,-181.063908,3.077232,3.094316,-6.489978
1069.0000,680.086946,680.095284,-187.553785,3.030238,3.036126,-6.490173
1070.0000,683.097958,683.104295,-194.028184,2.982654,2.975583,-6.454007
1071.0000,686.050118,686.050521,-200.466530,2.918714,2.910157,-6.413648
1072.0000,688.940513,688.939561,-206.857381,2.870234,2.866267,-6.369112
1073.0000,691.786445,691.782539,-213.195913,2.818856,2.815613,-6.304864
1074.0000,694.576229,694.565293,-219.462494,2.759692,2.751202,-6.219655
1075.0000,697.303254,697.281740,-225.636886,2.700798,2.680242,-6.123814
1076.0000,699.964723,699.933541,-231.713200,2.617826,2.627136,-6.025213
1077.0000,702.559396,702.524446,-237.675240,2.564312,2.550744,-5.897528
1078.0000,705.095587,705.038214,-243.514435,2.502356,2.479699,-5.781248
1079.0000,707.554974,707.478909,-249.227400,2.425557,2.400483,-5.639655
1080.0000,709.938311,709.842928,-254.789281,2.346447,2.330943,-5.473992
1081.0000,712.247594,712.137956,-260.181530,2.269043,2.257059,-5.309355
1082.0000,714.471872,714.363104,-265.404311,2.190308,2.187848,-5.129118
1083.0000,716.618584,716.514010,-270.430032,2.106265,2.101361,-4.914229
1084.0000,718.683231,718.576685,-275.255383,2.018464,2.026234,-4.725125
1085.0000,720.662798,720.568219,-279.873224,1.938705,1.949961,-4.510360
1086.0000,722.567960,722.474557,-284.281107,1.868465,1.867739,-4.290357
1087.0000,724.392760,724.294908,-288.456447,1.779042,1.780007,-4.062747
1088.0000,726.127860,726.029183,-292.395088,1.693593,1.693673,-3.812632
1089.0000,727.773998,727.673257,-296.080376,1.598758,1.601321,-3.555252
1090.0000,729.329768,729.235914,-299.501027,1.506641,1.516508,-3.282702
1091.0000,730.791561,730.699189,-302.655157,1.417934,1.415554,-3.012142
1092.0000,732.170372,732.074846,-305.531467,1.334925,1.341589,-2.733522
1093.0000,733.456713,733.372020,-308.124479,1.240297,1.249462,-2.444517
1094.0000,734.660398,734.573005,-310.416936,1.155260,1.153410,-2.154779
1095.0000,735.761578,735.675125,-312.418006,1.056466,1.049527,-1.854238
1096.0000,736.766213,736.689227,-314.127614,0.960932,0.980955,-1.562737
1097.0000,737.678779,737.621445,-315.544911,0.862187,0.877972,-1.265248
1098.0000,738.497834,738.447478,-316.647885,0.766867,0.769035,-0.946927
1099.0000,739.227392,739.165656,-317.440614,0.687822,0.678649,-0.640795
1100.0000,739.861425,739.803414,-317.927605,0.579732,0.585992,-0.329520
1101.0000,740.399855,740.347041,-318.095570,0.492798,0.503833,-0.014104
1102.0000,740.852875,740.802034,-317.944777,0.411091,0.411659,0.312087
1103.0000,741.215123,741.165434,-317.478658,0.314957,0.319807,0.623008
1104.0000,741.481556,741.435691,-316.703107,0.213669,0.227957,0.929726
1105.0000,741.650720,741.615232,-315.609385,0.120702,0.136270,1.253521
1106.0000,741.729526,741.701083,-314.207389,0.036650,0.037976,1.551729
1107.0000,741.710636,741.691109,-312.506141,-0.061091,-0.046964,1.856574
1108.0000,741.604563,741.592696,-310.504526,-0.157689,-0.143167,2.145475
1109.0000,741.404812,741.404370,-308.203192,-0.237842,-0.240391,2.454866
1110.0000,741.119241,741.121595,-305.610100,-0.326608,-0.325442,2.737957
1111.0000,740.743420,740.741496,-302.733086,-0.423998,-0.429195,3.012476
1112.0000,740.278411,740.258553,-299.586834,-0.509003,-0.535470,3.277022
1113.0000,739.720918,739.686069,-296.174853,-0.592210,-0.622394,3.549173
1114.0000,739.077489,739.024125,-292.496355,-0.684759,-0.702174,3.803662
1115.0000,738.351450,738.288193,-288.566911,-0.775466,-0.770061,4.048895
1116.0000,737.529122,737.480124,-284.400812,-0.867282,-0.849680,4.298100
1117.0000,736.613743,736.588885,-279.998472,-0.954384,-0.933483,4.518192
1118.0000,735.627838,735.607296,-275.367150,-1.029723,-1.030595,4.731435
1119.0000,734.559838,734.537828,-270.536552,-1.108161,-1.112822,4.932589
1120.0000,733.415882,733.395368,-265.509396,-1.180588,-1.178633,5.128132
1121.0000,732.202649,732.175899,-260.293916,-1.253448,-1.256741,5.308206
1122.0000,730.912011,730.871646,-254.902564,-1.331046,-1.340754,5.476069
1123.0000,729.541654,729.494573,-249.349091,-1.407116,-1.412967,5.629724
1124.0000,728.100429,728.040779,-243.652834,-1.477534,-1.486143,5.770848
1125.0000,726.590301,726.524878,-237.816839,-1.539899,-1.549874,5.903680
1126.0000,724.997727,724.943147,-231.850014,-1.637353,-1.620716,6.025208
1127.0000,723.336769,723.295184,-225.769628,-1.698109,-1.674933,6.138234
1128.0000,721.611320,721.584999,-219.587034,-1.756344,-1.751095,6.223644
1129.0000,719.829929,719.802847,-213.328696,-1.811257,-1.819666,6.294870
1130.0000,717.981076,717.951399,-206.996808,-1.876804,-1.877908,6.357810
1131.0000,716.077339,716.053687,-200.608509,-1.934875,-1.932566,6.416300
1132.0000,714.124655,714.094354,-194.164209,-1.975722,-1.984837,6.467052
1133.0000,712.119265,712.084033,-187.693811,-2.039070,-2.036555,6.471151
1134.0000,710.061816,710.034489,-181.214543,-2.075345,-2.067236,6.489115
1135.0000,707.958369,707.943408,-174.724591,-2.139121,-2.119321,6.488687
1136.0000,705.799838,705.797811,-168.241168,-2.174451,-2.163060,6.475725
1137.0000,703.605456,703.612973,-161.778013,-2.214605,-2.207752,6.445739
1138.0000,701.377982,701.384918,-155.346812,-2.251442,-2.253129,6.408685
1139.0000,699.112158,699.108329,-148.962744,-2.283208,-2.301109,6.355434
1140.0000,696.812085,696.792360,-142.637072,-2.319578,-2.317864,6.293479
1141.0000,694.477458,694.457155,-136.372596,-2.343253,-2.353591,6.219081
1142.0000,692.118637,692.090164,-130.199860,-2.365341,-2.382318,6.129844
1143.0000,689.734225,689.702677,-124.118148,-2.392765,-2.395124,6.029646
1144.0000,687.318090,687.295235,-118.134580,-2.425586,-2.421589,5.929381
1145.0000,684.884662,684.864144,-112.260824,-2.445218,-2.441403,5.812742
1146.0000,682.434554,682.408662,-106.503734,-2.455178,-2.467701,5.703258
1147.0000,679.972189,679.927433,-100.860798,-2.472347,-2.482801,5.581405
1148.0000,677.489224,677.442206,-95.347228,-2.493986,-2.497083,5.443428
1149.0000,674.996623,674.947943,-89.967583,-2.492378,-2.491594,5.315324
1150.0000,672.501530,672.449192,-84.733619,-2.504329,-2.501961,5.146440
1151.0000,669.994580,669.948325,-79.662687,-2.510368,-2.497181,4.994437
1152.0000,667.485060,667.455680,-74.747194,-2.517011,-2.490766,4.832680
1153.0000,664.974767,664.962873,-69.990489,-2.506887,-2.499360,4.677581
1154.0000,662.479835,662.473362,-65.393016,-2.494532,-2.479333,4.511886
1155.0000,659.995013,659.994288,-60.968599,-2.485473,-2.476640,4.334059
1156.0000,657.518024,657.517933,-56.721357,-2.469003,-2.474975,4.159575
1157.0000,655.061241,655.057184,-52.638529,-2.445891,-2.458535,4.003307
1158.0000,652.633093,652.616230,-48.727495,-2.416814,-2.430316,3.821588
1159.0000,650.221483,650.197506,-44.996623,-2.404972,-2.397355,3.640229
1160.0000,647.829511,647.804940,-41.438861,-2.373738,-2.374648,3.466470
1161.0000,645.463183,645.440704,-38.049447,-2.360481,-2.349575,3.303228
1162.0000,643.121884,643.100119,-34.844447,-2.323604,-2.317862,3.114496
1163.0000,640.815834,640.801298,-31.818659,-2.292472,-2.278689,2.939599
1164.0000,638.537368,638.534453,-28.967031,-2.266809,-2.238042,2.764849
1165.0000,636.302146,636.310972,-26.297052,-2.208339,-2.212386,2.586484
1166.0000,634.109762,634.115639,-23.791842,-2.171825,-2.170435,2.419220
1167.0000,631.957332,631.963184,-21.448865,-2.136725,-2.136468,2.268766
1168.0000,629.849409,629.857123,-19.254435,-2.088164,-2.083679,2.111367
1169.0000,627.786351,627.801192,-17.207896,-2.032609,-2.029951,1.965805
1170.0000,625.773755,625.794479,-15.319296,-1.986522,-1.984996,1.819657
1171.0000,623.812704,623.837160,-13.573357,-1.927301,-1.928663,1.673208
1172.0000,621.915398,621.932010,-11.963656,-1.874375,-1.872379,1.536307
1173.0000,620.067474,620.086720,-10.491418,-1.810986,-1.812159,1.397504
1174.0000,618.290503,618.310646,-9.158685,-1.749355,-1.748953,1.270240
1175.0000,616.571402,616.581552,-7.947799,-1.682982,-1.699021,1.157324
1176.0000,614.920285,614.918729,-6.853893,-1.624078,-1.622167,1.030063
1177.0000,613.329049,613.325736,-5.874162,-1.552519,-1.559321,0.927766
1178.0000,611.813042,611.804383,-4.994717,-1.476279,-1.481543,0.826350
1179.0000,610.364700,610.354354,-4.225889,-1.411002,-1.404859,0.722089
1180.0000,608.983834,608.981301,-3.539714,-1.344965,-1.329785,0.643956
1181.0000,607.676543,607.690563,-2.934977,-1.263888,-1.250725,0.553559
1182.0000,606.451983,606.476096,-2.416065,-1.183397,-1.175926,0.487689
1183.0000,605.307907,605.338061,-1.962832,-1.103808,-1.094326,0.420882
1184.0000,604.240702,604.285279,-1.584993,-1.020245,-1.017229,0.344207
1185.0000,603.255951,603.308317,-1.263473,-0.948864,-0.933697,0.294696
1186.0000,602.348534,602.409349,-0.994716,-0.856476,-0.860279,0.239779
1187.0000,601.531653,601.589916,-0.769566,-0.778787,-0.775328,0.195887
1188.0000,600.796799,600.862606,-0.592422,-0.688058,-0.682789,0.156512
1189.0000,600.154275,600.215349,-0.453133,-0.600505,-0.614849,0.127291
1190.0000,599.600389,599.644882,-0.339643,-0.506649,-0.530861,0.089926
1191.0000,599.137345,599.163602,-0.251564,-0.416340,-0.434694,0.079530
1192.0000,598.762012,598.774255,-0.193266,-0.331830,-0.335180,0.046877
1193.0000,598.469087,598.480456,-0.148777,-0.249912,-0.245481,0.046924
1194.0000,598.268922,598.273377,-0.107732,-0.153487,-0.154172,0.030200
1195.0000,598.162467,598.164047,-0.084045,-0.058837,-0.062615,0.023037
1196.0000,598.146217,598.151314,-0.068785,0.030457,0.037182,0.013206
1197.0000,598.220351,598.228497,-0.050354,0.121365,0.126033,0.023117
1198.0000,598.391016,598.402126,-0.033341,0.217603,0.232460,0.017419
1199.0000,598.654378,598.677665,-0.019896,0.314568,0.321001,0.014429
1200.0000,599.017582,599.042961,-0.015147,0.414877,0.411855,0.004562
1201.0000,599.469224,599.493437,-0.011598,0.490108,0.493040,0.004729
1202.0000,600.000804,600.033951,-0.009389,0.575181,0.588704,0.002313
1203.0000,600.629585,600.674256,-0.002160,0.689478,0.692334,0.002061
1204.0000,601.366075,601.410571,-0.007461,0.785850,0.782136,-0.006152
1205.0000,602.198292,602.244187,-0.007495,0.877302,0.881310,0.009775
1206.0000,603.126705,603.163532,-0.008781,0.978022,0.958827,0.001052
1207.0000,604.148460,604.169793,-0.018466,1.065987,1.056895,-0.017663
1208.0000,605.260179,605.272033,-0.047550,1.159534,1.151906,-0.032994
1209.0000,606.463093,606.480391,-0.086772,1.258954,1.261958,-0.045661
1210.0000,607.767391,607.780749,-0.139220,1.345213,1.350207,-0.058249
1211.0000,609.157862,609.170053,-0.207074,1.427040,1.430545,-0.071123
1212.0000,610.629871,610.641487,-0.298221,1.517710,1.502592,-0.110329
1213.0000,612.190679,612.190753,-0.419591,1.607263,1.598291,-0.135476
1214.0000,613.833168,613.830327,-0.565364,1.683840,1.691239,-0.164008
1215.0000,615.559642,615.563471,-0.746671,1.767977,1.775102,-0.209094
1216.0000,617.370006,617.382185,-0.972855,1.857084,1.869132,-0.251601
1217.0000,619.272516,619.288006,-1.246567,1.949674,1.947501,-0.294795
1218.0000,621.257408,621.268509,-1.568894,2.031200,2.026308,-0.346454
1219.0000,623.324762,623.342908,-1.954511,2.099483,2.113875,-0.419579
1220.0000,625.464565,625.491996,-2.400124,2.186004,2.190922,-0.482418
1221.0000,627.683498,627.720373,-2.922506,2.260866,2.267862,-0.563667
1222.0000,629.977110,630.024490,-3.523536,2.329211,2.343923,-0.643857
1223.0000,632.347292,632.407417,-4.217010,2.421365,2.423793,-0.745043
1224.0000,634.799095,634.864518,-5.008523,2.488111,2.486457,-0.831934
1225.0000,637.309976,637.383391,-5.897871,2.547489,2.559388,-0.945693
1226.0000,639.894547,639.972397,-6.883501,2.624680,2.629027,-1.038730
1227.0000,642.552286,642.627799,-7.967490,2.695106,2.687452,-1.132348
1228.0000,645.277424,645.342817,-9.172455,2.755534,2.747654,-1.272585
1229.0000,648.059531,648.126213,-10.509581,2.806616,2.815862,-1.399362
1230.0000,650.898796,650.982400,-11.977843,2.867094,2.876584,-1.534925
1231.0000,653.798199,653.893092,-13.578699,2.932292,2.939227,-1.662365
1232.0000,656.755046,656.861039,-15.323158,2.989282,2.992687,-1.816054
1233.0000,659.762672,659.868867,-17.215333,3.031483,3.037798,-1.961973
1234.0000,662.816526,662.927129,-19.248773,3.072935,3.080262,-2.110884
1235.0000,665.924943,666.035638,-21.438658,3.128957,3.125260,-2.275323
1236.0000,669.072933,669.184760,-23.787130,3.167437,3.176049,-2.427828
1237.0000,672.259201,672.382014,-26.302788,3.210444,3.216174,-2.600591
1238.0000,675.495253,675.612214,-28.989445,3.250321,3.247106,-2.775330
1239.0000,678.758390,678.880870,-31.844482,3.282369,3.287886,-2.937221
1240.0000,682.058267,682.182480,-34.858821,3.313811,3.318861,-3.106312
1241.0000,685.392958,685.521405,-38.052318,3.350454,3.353055,-3.290281
1242.0000,688.763233,688.887276,-41.428501,3.382374,3.384487,-3.462078
1243.0000,692.155329,692.278533,-44.975430,3.410469,3.399409,-3.637446
1244.0000,695.573472,695.691002,-48.697872,3.429630,3.417522,-3.811928
1245.0000,699.015245,699.117522,-52.596280,3.450769,3.450523,-3.988253
1246.0000,702.459930,702.576615,-56.678283,3.451354,3.468004,-4.173524
1247.0000,705.921735,706.051473,-60.932648,3.474545,3.479805,-4.338199
1248.0000,709.398795,709.535942,-65.362042,3.479168,3.486944,-4.513057
1249.0000,712.881047,713.025580,-69.955608,3.484038,3.482298,-4.668317
1250.0000,716.366960,716.512553,-74.705801,3.487323,3.495654,-4.835722
1251.0000,719.860422,720.003137,-79.624839,3.502120,3.500424,-4.992953
1252.0000,723.359576,723.510452,-84.693377,3.493290,3.510677,-5.144489
1253.0000,726.855840,727.014849,-89.914785,3.500726,3.500731,-5.297423
1254.0000,730.352589,730.519150,-95.286203,3.495529,3.504723,-5.450535
1255.0000,733.839450,734.008988,-100.805369,3.485619,3.482023,-5.579927
1256.0000,737.313341,737.476416,-106.449621,3.472072,3.455153,-5.710909
1257.0000,740.775698,740.930335,-112.219516,3.456538,3.451556,-5.829801
1258.0000,744.213580,744.362845,-118.108353,3.423949,3.420885,-5.944591
1259.0000,747.631917,747.770822,-124.105089,3.399271,3.398155,-6.039654
1260.0000,751.015317,751.168973,-130.193085,3.368762,3.384112,-6.136878
1261.0000,754.381913,754.546032,-136.363995,3.360337,3.368382,-6.203474
1262.0000,757.720998,757.896349,-142.603326,3.327590,3.332400,-6.278255
1263.0000,761.025307,761.215585,-148.924221,3.281245,3.307662,-6.361690
1264.0000,764.280213,764.502026,-155.309569,3.237447,3.264080,-6.407962
1265.0000,767.503384,767.738117,-161.738254,3.199982,3.210061,-6.450408
1266.0000,770.691526,770.929262,-168.196311,3.178998,3.167107,-6.471272
1267.0000,773.844218,774.081916,-174.680475,3.135591,3.131177,-6.483423
1268.0000,776.949568,777.183335,-181.164420,3.080637,3.077163,-6.476911
1269.0000,780.005375,780.240964,-187.639221,3.023850,3.034700,-6.468807
1270.0000,783.013500,783.252710,-194.097604,2.982982,2.983566,-6.447291
1271.0000,785.967179,786.205587,-200.523208,2.918678,2.930984,-6.414628
1272.0000,788.858535,789.111476,-206.909830,2.863264,2.878291,-6.362706
1273.0000,791.699682,791.949491,-213.240158,2.809489,2.812469,-6.295559
1274.0000,794.469311,794.720836,-219.493545,2.729041,2.738112,-6.216257
1275.0000,797.179365,797.428013,-225.672878,2.683060,2.674602,-6.135137
1276.0000,799.836433,800.071958,-231.748432,2.626563,2.612420,-6.013884
1277.0000,802.422533,802.647655,-237.706549,2.547873,2.537002,-5.902574
1278.0000,804.933314,805.157784,-243.544190,2.482977,2.475016,-5.766747
1279.0000,807.372073,807.601152,-249.251816,2.400218,2.404613,-5.645674
1280.0000,809.740937,809.974526,-254.815782,2.334600,2.342960,-5.481393
1281.0000,812.032251,812.280514,-260.207549,2.257014,2.278553,-5.303079
1282.0000,814.253528,814.521688,-265.426761,2.186417,2.199721,-5.125807
1283.0000,816.396199,816.686428,-270.458526,2.101152,2.121446,-4.937542
1284.0000,818.454881,818.763970,-275.297829,2.019330,2.026078,-4.734290
1285.0000,820.433516,820.748360,-279.923583,1.944052,1.941419,-4.514076
1286.0000,822.331163,822.647046,-284.326063,1.848350,1.855247,-4.293042
1287.0000,824.139018,824.464178,-288.501851,1.769434,1.777944,-4.047857
1288.0000,825.860120,826.200938,-292.433093,1.680415,1.691651,-3.806244
1289.0000,827.499637,827.843784,-296.106680,1.589554,1.595286,-3.544067
1290.0000,829.058506,829.398712,-299.521579,1.516723,1.515167,-3.275757
1291.0000,830.524349,830.875926,-302.671481,1.425803,1.439867,-3.016637
1292.0000,831.912556,832.263620,-305.551493,1.354891,1.334440,-2.737088
1293.0000,833.214326,833.541775,-308.152060,1.248892,1.229802,-2.456286
1294.0000,834.410901,834.737496,-310.458290,1.144617,1.155160,-2.154114
1295.0000,835.515185,835.846282,-312.467592,1.055479,1.063470,-1.856174
1296.0000,836.527764,836.859192,-314.167938,0.969832,0.966992,-1.546187
1297.0000,837.453590,837.777055,-315.560261,0.874942,0.872986,-1.229680
1298.0000,838.271216,838.602327,-316.641363,0.766854,0.775121,-0.933275
1299.0000,838.993128,839.338285,-317.416595,0.675678,0.690548,-0.618790
1300.0000,839.631066,839.976381,-317.887333,0.592503,0.582703,-0.323417
1301.0000,840.175404,840.522211,-318.055947,0.494953,0.495962,-0.012012
1302.0000,840.623360,840.974804,-317.903217,0.400819,0.404131,0.325081
1303.0000,840.982889,841.333509,-317.427769,0.312171,0.309882,0.630035
1304.0000,841.244604,841.596429,-316.643302,0.217448,0.216633,0.943383
1305.0000,841.411302,841.759664,-315.547381,0.116881,0.119293,1.253603
1306.0000,841.476854,841.842111,-314.141095,0.014551,0.033683,1.557822
1307.0000,841.445863,841.831605,-312.433874,-0.078528,-0.058065,1.857569
1308.0000,841.329369,841.720356,-310.427057,-0.168861,-0.161032,2.151769
1309.0000,841.117351,841.522637,-308.133610,-0.250180,-0.236737,2.440847
1310.0000,840.829691,841.237320,-305.554668,-0.339673,-0.329544,2.728153
1311.0000,840.435739,840.859531,-302.685661,-0.431660,-0.423974,3.010821
1312.0000,839.960191,840.391859,-299.542129,-0.510809,-0.510287,3.281025
1313.0000,839.406923,839.834611,-296.131134,-0.602104,-0.594036,3.538856
1314.0000,838.760678,839.191742,-292.455010,-0.691373,-0.694825,3.803321
1315.0000,838.021808,838.463063,-288.525168,-0.791432,-0.763967,4.054146
1316.0000,837.193930,837.660987,-284.356612,-0.864244,-0.836034,4.291406
1317.0000,836.289209,836.769846,-279.953444,-0.945586,-0.941171,4.512650
1318.0000,835.305417,835.780861,-275.330864,-1.028161,-1.039896,4.734528
1319.0000,834.241423,834.704356,-270.498397,-1.100022,-1.113682,4.932166
1320.0000,833.098857,833.559495,-265.458849,-1.183960,-1.175535,5.139049
1321.0000,831.878762,832.336558,-260.236909,-1.260560,-1.261937,5.307347
1322.0000,830.582430,831.034974,-254.847134,-1.334102,-1.344016,5.478879
1323.0000,829.216019,829.656728,-249.282179,-1.408963,-1.411359,5.642154
1324.0000,827.768638,828.211246,-243.576061,-1.477797,-1.481381,5.773400
1325.0000,826.253732,826.700767,-237.735293,-1.544455,-1.545778,5.909575
1326.0000,824.679021,825.120927,-231.772389,-1.614729,-1.606718,6.021426
1327.0000,823.027050,823.480821,-225.692174,-1.691131,-1.675356,6.133988
1328.0000,821.301399,821.770137,-219.511938,-1.750267,-1.741449,6.223387
1329.0000,819.519175,819.997065,-213.265214,-1.804062,-1.810052,6.278537
1330.0000,817.684355,818.157962,-206.938972,-1.861192,-1.865422,6.356678
1331.0000,815.799839,816.257453,-200.555666,-1.916985,-1.933180,6.415681
1332.0000,813.845229,814.299970,-194.118003,-1.986652,-1.983422,6.457048
1333.0000,811.836893,812.293168,-187.649088,-2.032131,-2.034130,6.474056
1334.0000,809.782541,810.228639,-181.167688,-2.082794,-2.090645,6.491053
1335.0000,807.676926,808.118111,-174.677197,-2.128187,-2.133787,6.499894
1336.0000,805.531064,805.968323,-168.192428,-2.158325,-2.167023,6.472415
1337.0000,803.343991,803.777695,-161.734019,-2.211585,-2.211914,6.439319
1338.0000,801.103037,801.543889,-155.313653,-2.267591,-2.253561,6.406850
1339.0000,798.821911,799.275000,-148.930068,-2.288927,-2.283866,6.354583
1340.0000,796.518452,796.977637,-142.600515,-2.322551,-2.317324,6.299049
1341.0000,794.184238,794.643444,-136.331616,-2.351592,-2.348246,6.237025
1342.0000,791.818105,792.282972,-130.150292,-2.377575,-2.371389,6.132100
1343.0000,789.429689,789.900023,-124.057296,-2.396012,-2.396751,6.049414
1344.0000,787.020947,787.482836,-118.061658,-2.421694,-2.430966,5.944614
1345.0000,784.587503,785.056583,-112.175961,-2.448161,-2.429529,5.822977
1346.0000,782.137236,782.616229,-106.410885,-2.447690,-2.450040,5.704379
1347.0000,779.682911,780.164491,-100.776520,-2.461586,-2.462577,5.562412
1348.0000,777.213193,777.685825,-95.271286,-2.477683,-2.492388,5.444439
1349.0000,774.729382,775.193019,-89.896100,-2.480556,-2.493270,5.307852
1350.0000,772.245640,772.697865,-84.662970,-2.496053,-2.501180,5.160768
1351.0000,769.748375,770.197249,-79.581512,-2.499508,-2.495741,5.007723
1352.0000,767.249160,767.697663,-74.653663,-2.502946,-2.497143,4.837468
1353.0000,764.747411,765.205909,-69.898389,-2.503208,-2.481991,4.668919
1354.0000,762.258426,762.720055,-65.303830,-2.476747,-2.484490,4.510749
1355.0000,759.786105,760.245511,-60.874039,-2.476969,-2.474053,4.345089
1356.0000,757.321585,757.776896,-56.611094,-2.457511,-2.453825,4.175604
1357.0000,754.868217,755.330110,-52.526015,-2.446567,-2.440218,3.988137
1358.0000,752.426677,752.890033,-48.628740,-2.429486,-2.426682,3.802750
1359.0000,750.011968,750.474098,-44.904398,-2.402188,-2.402620,3.634958
1360.0000,747.620694,748.078292,-41.355036,-2.381505,-2.382911,3.461693
1361.0000,745.248690,745.711398,-37.978668,-2.363706,-2.353170,3.287160
1362.0000,742.905107,743.371888,-34.771762,-2.333670,-2.313665,3.119276
1363.0000,740.594204,741.073552,-31.742756,-2.288415,-2.273052,2.944296
1364.0000,738.324345,738.816391,-28.888088,-2.246818,-2.233042,2.772550
1365.0000,736.090544,736.594909,-26.200834,-2.220589,-2.213807,2.598173
1366.0000,733.888734,734.401745,-23.687172,-2.184113,-2.164651,2.436811
1367.0000,731.734851,732.246132,-21.328314,-2.123163,-2.138838,2.277184
1368.0000,729.627119,730.135844,-19.137052,-2.088828,-2.078403,2.106085
1369.0000,727.569934,728.077514,-17.105474,-2.029968,-2.026908,1.956868
1370.0000,725.566201,726.078728,-15.228235,-1.983692,-1.970925,1.801375
1371.0000,723.602983,724.126038,-13.496091,-1.940213,-1.932961,1.664396
1372.0000,721.695574,722.221100,-11.892508,-1.870514,-1.883120,1.531149
1373.0000,719.857073,720.372524,-10.427350,-1.803485,-1.810816,1.401949
1374.0000,718.082015,718.587643,-9.095218,-1.745067,-1.756171,1.269139
1375.0000,716.372650,716.868101,-7.885058,-1.678316,-1.680381,1.149306
1376.0000,714.727256,715.210992,-6.786653,-1.604629,-1.633890,1.041505
1377.0000,713.155694,713.612664,-5.800399,-1.537780,-1.561747,0.933134
1378.0000,711.647778,712.080963,-4.915823,-1.473579,-1.489246,0.826258
1379.0000,710.217331,710.634951,-4.130658,-1.389500,-1.413370,0.739404
1380.0000,708.866853,709.258452,-3.438700,-1.320196,-1.340095,0.638699
1381.0000,707.574365,707.955264,-2.841633,-1.257508,-1.260934,0.562189
1382.0000,706.351903,706.733014,-2.327511,-1.188395,-1.189969,0.477270
1383.0000,705.198634,705.584821,-1.880120,-1.116405,-1.107548,0.422928
1384.0000,704.119523,704.518798,-1.486286,-1.028537,-1.024371,0.362459
1385.0000,703.132027,703.539997,-1.159321,-0.950126,-0.934664,0.301068
1386.0000,702.221751,702.635180,-0.880136,-0.870840,-0.867161,0.253300
1387.0000,701.400212,701.801941,-0.648215,-0.780218,-0.788223,0.213263
1388.0000,700.667518,701.059848,-0.456530,-0.685900,-0.697170,0.166220
1389.0000,700.025256,700.407344,-0.312654,-0.601542,-0.610027,0.128996
1390.0000,699.468660,699.848754,-0.197644,-0.514961,-0.516133,0.107761
1391.0000,698.998421,699.376495,-0.102016,-0.429217,-0.425071,0.082702
1392.0000,698.614364,698.998618,-0.031988,-0.337695,-0.336380,0.054077
1393.0000,698.324819,698.702040,0.013386,-0.238496,-0.247128,0.043298
1394.0000,698.132449,698.501870,0.058279,-0.148793,-0.151434,0.043093
1395.0000,698.030596,698.390347,0.086939,-0.054885,-0.067421,0.013799
1396.0000,698.018470,698.376410,0.102665,0.039173,0.036078,0.013711
1397.0000,698.099821,698.459171,0.100412,0.119587,0.126519,-0.004930
1398.0000,698.269737,698.636054,0.102286,0.215659,0.222941,0.005577
1399.0000,698.534006,698.893037,0.103135,0.323313,0.307064,0.000530
1400.0000,698.901127,699.249298,0.101706,0.418149,0.396731,0.000410
1401.0000,699.352111,699.690932,0.100462,0.495248,0.494763,0.002348
1402.0000,699.897862,700.228614,0.090338,0.592875,0.582571,-0.008744
1403.0000,700.539476,700.865341,0.075177,0.692870,0.690436,-0.017950
1404.0000,701.278727,701.606459,0.067740,0.786140,0.793575,0.000273
1405.0000,702.108971,702.446340,0.069244,0.880918,0.880142,-0.004556
1406.0000,703.038051,703.366545,0.065458,0.974514,0.968856,-0.006715
1407.0000,704.057902,704.382243,0.050416,1.065901,1.066925,-0.029795
1408.0000,705.170071,705.489591,0.016684,1.160528,1.140748,-0.044257
1409.0000,706.374809,706.680196,-0.022813,1.245363,1.232275,-0.033647
1410.0000,707.664049,707.956275,-0.069961,1.334970,1.328922,-0.058663
1411.0000,709.045901,709.334059,-0.133707,1.431680,1.423365,-0.062154
1412.0000,710.512841,710.806673,-0.213697,1.507758,1.509140,-0.096621
1413.0000,712.061810,712.355083,-0.327336,1.595828,1.595112,-0.127464
1414.0000,713.705238,713.992060,-0.467314,1.688763,1.681466,-0.161850
1415.0000,715.437557,715.721383,-0.649710,1.774227,1.780955,-0.196559
1416.0000,717.254782,717.536884,-0.869420,1.859934,1.854523,-0.244011
1417.0000,719.163444,719.432186,-1.142362,1.953256,1.944124,-0.301580
1418.0000,721.151626,721.413652,-1.463841,2.022829,2.027927,-0.348908
1419.0000,723.215263,723.480260,-1.845478,2.104942,2.109961,-0.417268
1420.0000,725.362837,725.628769,-2.299354,2.193159,2.186910,-0.488147
1421.0000,727.596628,727.847848,-2.822605,2.275141,2.255241,-0.560148
1422.0000,729.909438,730.139357,-3.428765,2.351841,2.330258,-0.654273
1423.0000,732.290814,732.503818,-4.129684,2.409461,2.397066,-0.742199
1424.0000,734.735218,734.939759,-4.913610,2.479947,2.481805,-0.840615
1425.0000,737.248131,737.452886,-5.800771,2.556755,2.547972,-0.940386
1426.0000,739.843593,740.032986,-6.796517,2.630315,2.610340,-1.043618
1427.0000,742.500471,742.675833,-7.893424,2.685585,2.678412,-1.155437
1428.0000,745.214883,745.391501,-9.116115,2.746777,2.756342,-1.281499
1429.0000,747.995132,748.174471,-10.460537,2.814905,2.807902,-1.410696
1430.0000,750.833677,751.014053,-11.927786,2.859878,2.858887,-1.534719
1431.0000,753.725970,753.903274,-13.526625,2.915746,2.918093,-1.663535
1432.0000,756.670347,756.850900,-15.267300,2.979151,2.974109,-1.813455
1433.0000,759.673158,759.853253,-17.154370,3.029599,3.024738,-1.968374
1434.0000,762.730608,762.900872,-19.192140,3.083587,3.073210,-2.112277
1435.0000,765.836150,765.993805,-21.383267,3.132390,3.113790,-2.278362
1436.0000,768.987363,769.138076,-23.736735,3.170067,3.170210,-2.427411
1437.0000,772.181171,772.330254,-26.246810,3.215140,3.208811,-2.599155
1438.0000,775.411291,775.567166,-28.928908,3.255432,3.262068,-2.759897
1439.0000,778.691866,778.840618,-31.768811,3.294403,3.287715,-2.929709
1440.0000,782.007964,782.143614,-34.785519,3.329333,3.315109,-3.102611
1441.0000,785.354471,785.475300,-37.981120,3.354401,3.353776,-3.285876
1442.0000,788.718694,788.838581,-41.355008,3.374362,3.371987,-3.455666
1443.0000,792.111677,792.225074,-44.898923,3.412668,3.400217,-3.639770
1444.0000,795.531439,795.637263,-48.620481,3.422026,3.416055,-3.807443
1445.0000,798.963731,799.068045,-52.522153,3.438326,3.437479,-3.998771
1446.0000,802.412510,802.518705,-56.601149,3.458871,3.463077,-4.164772
1447.0000,805.877870,805.984985,-60.856282,3.473867,3.476615,-4.333390
1448.0000,809.352272,809.467686,-65.271428,3.479717,3.475944,-4.498861
1449.0000,812.840918,812.948096,-69.854782,3.493520,3.489333,-4.665301
1450.0000,816.334218,816.444365,-74.606374,3.489804,3.501755,-4.836785
1451.0000,819.833879,819.951684,-79.520294,3.505753,3.509116,-4.991420
1452.0000,823.334950,823.458463,-84.587053,3.503566,3.501919,-5.147328
1453.0000,826.837447,826.958268,-89.800066,3.499579,3.496832,-5.288486
1454.0000,830.329962,830.451556,-95.163044,3.492250,3.489703,-5.443464
1455.0000,833.811475,833.938223,-100.679513,3.466855,3.484988,-5.575876
1456.0000,837.264929,837.417825,-106.315410,3.440278,3.484792,-5.707492
1457.0000,840.701593,840.887616,-112.081781,3.432963,3.447429,-5.816525
1458.0000,844.129629,844.330343,-117.962042,3.419835,3.423799,-5.943266
1459.0000,847.542638,847.739762,-123.956445,3.405165,3.403493,-6.043816
1460.0000,850.934697,851.137130,-130.047883,3.380178,3.393008,-6.132258
1461.0000,854.298521,854.505437,-136.224784,3.348429,3.353929,-6.214064
1462.0000,857.631355,857.840262,-142.482247,3.312634,3.317201,-6.294347
1463.0000,860.927933,861.144946,-148.805156,3.284809,3.289765,-6.352777
1464.0000,864.191339,864.420863,-155.176913,3.241281,3.261138,-6.394571
1465.0000,867.408727,867.656063,-161.589622,3.201476,3.218382,-6.435615
1466.0000,870.595196,870.852355,-168.045720,3.172346,3.169963,-6.482562
1467.0000,873.741877,873.997507,-174.534229,3.116469,3.125505,-6.480992
1468.0000,876.823643,877.095784,-181.023051,3.054583,3.072965,-6.491453
1469.0000,879.867011,880.150706,-187.504487,3.025099,3.034580,-6.476094
1470.0000,882.874389,883.155813,-193.970377,2.985400,2.983718,-6.458689
1471.0000,885.827976,886.112349,-200.398371,2.927346,2.931588,-6.405064
1472.0000,888.723600,889.004640,-206.775776,2.863564,2.860725,-6.355794
1473.0000,891.559374,891.841636,-213.107793,2.811246,2.815299,-6.291937
1474.0000,894.336862,894.626134,-219.363610,2.742350,2.752577,-6.227674
1475.0000,897.052344,897.345812,-225.546041,2.674481,2.686749,-6.137197
1476.0000,899.698503,899.998255,-231.636848,2.613051,2.615239,-6.040059
1477.0000,902.282190,902.576836,-237.616760,2.548112,2.547594,-5.911672
1478.0000,904.796641,905.088738,-243.468424,2.479586,2.466951,-5.791025
1479.0000,907.243376,907.525009,-249.183749,2.411847,2.403985,-5.636755
1480.0000,909.620821,909.896535,-254.745499,2.341202,2.334076,-5.493103
1481.0000,911.923322,912.184629,-260.153322,2.263903,2.253353,-5.318794
1482.0000,914.143517,914.402307,-265.380514,2.186976,2.181117,-5.134937
1483.0000,916.294346,916.541870,-270.415059,2.114592,2.094927,-4.930131
1484.0000,918.357961,918.601658,-275.244592,2.027882,2.021448,-4.727586
1485.0000,920.339006,920.588522,-279.868908,1.936180,1.948795,-4.519423
1486.0000,922.236564,922.494984,-284.268030,1.859340,1.869364,-4.278220
1487.0000,924.052325,924.323698,-288.431334,1.768045,1.777666,-4.049099
1488.0000,925.777535,926.059465,-292.354408,1.680506,1.689114,-3.796228
1489.0000,927.421425,927.707157,-296.022357,1.607151,1.611315,-3.542825
1490.0000,928.983323,929.276807,-299.437357,1.512550,1.535128,-3.282874
1491.0000,930.455217,930.764141,-302.588976,1.430830,1.434557,-3.020377
1492.0000,931.833805,932.152884,-305.468736,1.328950,1.342424,-2.726910
1493.0000,933.125390,933.445129,-308.051659,1.248177,1.245729,-2.442426
1494.0000,934.326622,934.647197,-310.342956,1.156214,1.151454,-2.140696
1495.0000,935.438374,935.746459,-312.344444,1.065898,1.049981,-1.852240
1496.0000,936.460253,936.753522,-314.042635,0.966984,0.959562,-1.541232
1497.0000,937.387395,937.677429,-315.422505,0.885547,0.868240,-1.229314
1498.0000,938.224398,938.498750,-316.508690,0.788784,0.772547,-0.940884
1499.0000,938.963596,939.226546,-317.295249,0.689578,0.681741,-0.622363
1500.0000,939.601523,939.865645,-317.763158,0.585601,0.590815,-0.306640
1501.0000,940.144162,940.422258,-317.920802,0.492898,0.511489,-0.004536
1502.0000,940.586162,940.877701,-317.769611,0.393977,0.399668,0.314051
1503.0000,940.940537,941.235545,-317.300554,0.313665,0.309989,0.621048
1504.0000,941.209881,941.498536,-316.517131,0.219966,0.214847,0.943527
1505.0000,941.375455,941.671683,-315.416761,0.122394,0.123697,1.258793
1506.0000,941.451681,941.752105,-314.006671,0.022141,0.028184,1.565267
1507.0000,941.432127,941.737486,-312.295219,-0.063849,-0.048882,1.853048
1508.0000,941.322118,941.636239,-310.290322,-0.155332,-0.156579,2.164862
1509.0000,941.118542,941.435280,-307.979658,-0.242169,-0.249042,2.454967
1510.0000,940.826674,941.148924,-305.392300,-0.338056,-0.331491,2.730284
1511.0000,940.439758,940.769472,-302.527369,-0.438166,-0.419303,3.006441
1512.0000,939.963136,940.298979,-299.382508,-0.528272,-0.514398,3.290662
1513.0000,939.405819,939.732049,-295.965648,-0.603943,-0.605149,3.552457
1514.0000,938.763205,939.080451,-292.288687,-0.688879,-0.687518,3.807203
1515.0000,938.025980,938.349709,-288.368197,-0.783542,-0.784546,4.039275
1516.0000,937.210365,937.529926,-284.206368,-0.857194,-0.860878,4.285122
1517.0000,936.315129,936.625654,-279.801050,-0.933119,-0.945476,4.517598
1518.0000,935.337769,935.637152,-275.176498,-1.017019,-1.019364,4.735450
1519.0000,934.284271,934.578556,-270.336028,-1.096554,-1.100281,4.934596
1520.0000,933.148006,933.443687,-265.302704,-1.175331,-1.176222,5.125863
1521.0000,931.930594,932.225597,-260.087950,-1.256968,-1.262538,5.302313
1522.0000,930.637623,930.932062,-254.697442,-1.334927,-1.328292,5.478524
1523.0000,929.267228,929.561282,-249.138189,-1.409522,-1.413491,5.645088
1524.0000,927.818353,928.115447,-243.424928,-1.488629,-1.486859,5.779376
1525.0000,926.294849,926.600217,-237.581512,-1.555417,-1.549239,5.910842
1526.0000,924.717473,925.004898,-231.608841,-1.606862,-1.633076,6.027435
1527.0000,923.069135,923.344548,-225.532650,-1.679965,-1.692193,6.125833
1528.0000,921.355719,921.615512,-219.356667,-1.749863,-1.761817,6.221173
1529.0000,919.573456,919.826457,-213.098807,-1.805546,-1.815502,6.288663
1530.0000,917.731226,917.985918,-206.770769,-1.879172,-1.871271,6.364245
1531.0000,915.826496,916.086349,-200.376627,-1.930005,-1.939962,6.419033
1532.0000,913.861805,914.125593,-193.938347,-1.993849,-1.989306,6.450159
1533.0000,911.837759,912.109549,-187.472416,-2.046449,-2.041878,6.471678
1534.0000,909.773371,910.044195,-180.988574,-2.089485,-2.087636,6.492162
1535.0000,907.663289,907.935690,-174.494679,-2.135164,-2.126339,6.493995
1536.0000,905.509404,905.785043,-168.012611,-2.178031,-2.177031,6.470429
1537.0000,903.313521,903.580703,-161.550736,-2.213774,-2.220515,6.443612
1538.0000,901.077671,901.338614,-155.121310,-2.248430,-2.263276,6.402268
1539.0000,898.817073,899.060323,-148.743592,-2.279806,-2.292679,6.355730
1540.0000,896.517902,896.747185,-142.413398,-2.320736,-2.336986,6.295752
1541.0000,894.173102,894.394839,-136.156321,-2.358334,-2.363421,6.224241
1542.0000,891.801013,892.021720,-129.976667,-2.385919,-2.385300,6.135814
1543.0000,889.408276,889.621109,-123.885428,-2.407254,-2.413864,6.043273
1544.0000,886.997380,887.200944,-117.890700,-2.413164,-2.430618,5.938261
1545.0000,884.570041,884.760180,-112.007608,-2.445937,-2.449892,5.830898
1546.0000,882.117254,882.300775,-106.231734,-2.464672,-2.459917,5.713306
1547.0000,879.649977,879.835936,-100.588043,-2.479072,-2.469931,5.577875
1548.0000,877.174375,877.360510,-95.077277,-2.477124,-2.474186,5.443060
1549.0000,874.687192,874.877947,-89.704780,-2.486963,-2.484721,5.296979
1550.0000,872.194341,872.389134,-84.478213,-2.488337,-2.498263,5.151726
1551.0000,869.700617,869.885592,-79.401961,-2.501188,-2.496731,4.997592
1552.0000,867.200879,867.384790,-74.480752,-2.494056,-2.506795,4.839921
1553.0000,864.705572,864.887110,-69.724861,-2.485975,-2.492033,4.661462
1554.0000,862.214585,862.398864,-65.140059,-2.487612,-2.481909,4.500485
1555.0000,859.729476,859.925790,-60.722235,-2.473047,-2.472903,4.331216
1556.0000,857.265379,857.458239,-56.474268,-2.456567,-2.455785,4.158070
1557.0000,854.813742,855.008299,-52.395198,-2.446424,-2.447580,3.984384
1558.0000,852.372293,852.567733,-48.491946,-2.435885,-2.431528,3.819524
1559.0000,849.949803,850.152657,-44.756680,-2.408796,-2.400327,3.647011
1560.0000,847.557899,847.765446,-41.206963,-2.381561,-2.381984,3.456553
1561.0000,845.197211,845.394646,-37.832666,-2.342748,-2.358881,3.297858
1562.0000,842.866512,843.052584,-34.625614,-2.320131,-2.327056,3.113267
1563.0000,840.559948,840.744660,-31.596344,-2.288059,-2.288087,2.942872
1564.0000,838.285099,838.473320,-28.740114,-2.255031,-2.243822,2.773485
1565.0000,836.049172,836.245096,-26.056978,-2.210130,-2.214301,2.598433
1566.0000,833.853101,834.050981,-23.535622,-2.176579,-2.162269,2.444606
1567.0000,831.695018,831.911878,-21.173938,-2.136774,-2.126672,2.274200
1568.0000,829.576596,829.811694,-18.974042,-2.101663,-2.081734,2.126835
1569.0000,827.507425,827.750626,-16.924945,-2.036505,-2.023251,1.971247
1570.0000,825.501532,825.751880,-15.033766,-1.986991,-1.979010,1.819565
1571.0000,823.536627,823.802646,-13.287956,-1.926004,-1.921530,1.676462
1572.0000,821.635236,821.901344,-11.685735,-1.869881,-1.879774,1.527158
1573.0000,819.798006,820.048157,-10.225539,-1.806377,-1.823426,1.393687
1574.0000,818.027577,818.263190,-8.890451,-1.747482,-1.749665,1.272257
1575.0000,816.309729,816.546688,-7.681104,-1.689536,-1.682253,1.147224
1576.0000,814.654631,814.889103,-6.588619,-1.622689,-1.621715,1.041023
1577.0000,813.069628,813.306401,-5.604010,-1.546174,-1.547977,0.927044
1578.0000,811.561868,811.791376,-4.718231,-1.470814,-1.476499,0.835980
1579.0000,810.125292,810.344432,-3.923983,-1.408530,-1.402795,0.745384
1580.0000,808.760277,808.981429,-3.226107,-1.327299,-1.319658,0.650862
1581.0000,807.465252,807.693722,-2.615646,-1.258596,-1.251516,0.563216
1582.0000,806.239835,806.474611,-2.088329,-1.183277,-1.182514,0.491028
1583.0000,805.093901,805.323594,-1.635207,-1.108996,-1.108337,0.416101
1584.0000,804.023422,804.254790,-1.251412,-1.021561,-1.035563,0.357723
1585.0000,803.032397,803.267419,-0.925745,-0.962278,-0.944972,0.302108
1586.0000,802.115760,802.360838,-0.656272,-0.863246,-0.865506,0.246413
1587.0000,801.300892,801.537105,-0.429706,-0.778235,-0.780163,0.207155
1588.0000,800.563312,800.802345,-0.239578,-0.696580,-0.684965,0.170824
1589.0000,799.906876,800.157680,-0.084110,-0.608763,-0.600584,0.133481
1590.0000,799.342012,799.603153,0.033509,-0.512125,-0.511196,0.098542
1591.0000,798.876757,799.134906,0.117682,-0.424536,-0.427710,0.077772
1592.0000,798.498811,798.749427,0.185825,-0.331623,-0.338076,0.062893
1593.0000,798.212754,798.462219,0.237045,-0.245622,-0.231279,0.043654
1594.0000,798.019652,798.272487,0.273168,-0.147806,-0.158077,0.022669
1595.0000,797.915525,798.160081,0.301301,-0.056595,-0.068524,0.025872
1596.0000,797.898956,798.144751,0.309311,0.039544,0.035506,-0.000082
1597.0000,797.985467,798.227362,0.305332,0.129047,0.137887,-0.000022
1598.0000,798.151387,798.407219,0.310430,0.215984,0.226368,0.009356
1599.0000,798.412970,798.670800,0.311581,0.316145,0.313272,0.000546
1600.0000,798.774504,799.025078,0.318389,0.407605,0.412754,0.011171
1601.0000,799.225889,799.481192,0.319140,0.487720,0.500995,0.000841
1602.0000,799.758430,800.032651,0.322231,0.592675,0.596976,0.009579
1603.0000,800.396067,800.674458,0.322801,0.680447,0.693167,0.001512
1604.0000,801.126717,801.414076,0.325164,0.775449,0.788675,0.000611
1605.0000,801.950967,802.244684,0.322866,0.874288,0.882675,-0.003848
1606.0000,802.873527,803.173809,0.313555,0.974331,0.981207,-0.011857
1607.0000,803.897733,804.194235,0.300859,1.072924,1.071028,-0.021311
1608.0000,805.011181,805.310531,0.277829,1.161020,1.161913,-0.031200
1609.0000,806.210628,806.521891,0.243211,1.241932,1.266456,-0.036377
1610.0000,807.498301,807.829633,0.193951,1.336680,1.343028,-0.058414
1611.0000,808.875910,809.215404,0.133003,1.421357,1.429911,-0.070761
1612.0000,810.341237,810.694294,0.050607,1.514743,1.519760,-0.096630
1613.0000,811.902498,812.256464,-0.059518,1.602267,1.608336,-0.125879
1614.0000,813.541405,813.904693,-0.205428,1.678742,1.680542,-0.166428
1615.0000,815.265448,815.632377,-0.390871,1.774297,1.772714,-0.205329
1616.0000,817.077796,817.457240,-0.620995,1.859853,1.870604,-0.260803
1617.0000,818.980299,819.366251,-0.891894,1.944494,1.948246,-0.294692
1618.0000,820.974653,821.358072,-1.214735,2.033038,2.033863,-0.353540
1619.0000,823.045524,823.427293,-1.600566,2.108622,2.104489,-0.419358
1620.0000,825.188928,825.569790,-2.050047,2.180376,2.176757,-0.486296
1621.0000,827.412394,827.778736,-2.576449,2.258402,2.247890,-0.564120
1622.0000,829.711224,830.059743,-3.181672,2.332297,2.314659,-0.641004
1623.0000,832.071340,832.418950,-3.874109,2.397152,2.403211,-0.734274
1624.0000,834.508151,834.861431,-4.649325,2.475886,2.484845,-0.828497
1625.0000,837.023021,837.370730,-5.526592,2.553201,2.532169,-0.930955
1626.0000,839.608148,839.937434,-6.507823,2.621744,2.606451,-1.035357
1627.0000,842.268006,842.584548,-7.600215,2.696538,2.681480,-1.146812
1628.0000,844.993613,845.293093,-8.809105,2.756747,2.732435,-1.269733
1629.0000,847.780271,848.062090,-10.136205,2.819815,2.805247,-1.383854
1630.0000,850.621641,850.900622,-11.596460,2.869086,2.874307,-1.540335
1631.0000,853.512592,853.802970,-13.203181,2.911764,2.924208,-1.680602
1632.0000,856.463965,856.755113,-14.951019,2.986403,2.987982,-1.816428
1633.0000,859.473643,859.768139,-16.840127,3.035675,3.035458,-1.959096
1634.0000,862.531284,862.822977,-18.874473,3.081080,3.076603,-2.112729
1635.0000,865.639950,865.926883,-21.062302,3.126920,3.130688,-2.271549
1636.0000,868.784296,869.070670,-23.413478,3.163158,3.165106,-2.435473
1637.0000,871.979427,872.258332,-25.935724,3.213413,3.218615,-2.614373
1638.0000,875.210127,875.485525,-28.628635,3.244248,3.238261,-2.780072
1639.0000,878.477120,878.741565,-31.482547,3.287714,3.273352,-2.941922
1640.0000,881.785890,882.036317,-34.511849,3.320034,3.313330,-3.119816
1641.0000,885.123399,885.369066,-37.712905,3.352172,3.348605,-3.283273
1642.0000,888.487848,888.730256,-41.083153,3.379646,3.372206,-3.463370
1643.0000,891.880255,892.112251,-44.640413,3.407192,3.408414,-3.650962
1644.0000,895.299154,895.531589,-48.377061,3.431907,3.436938,-3.829653
1645.0000,898.743334,898.978449,-52.292061,3.452995,3.457243,-3.993962
1646.0000,902.200954,902.439168,-56.371195,3.469742,3.464480,-4.167295
1647.0000,905.674239,905.912387,-60.623847,3.472942,3.483008,-4.335161
1648.0000,909.151862,909.396190,-65.047271,3.484119,3.478794,-4.505470
1649.0000,912.644132,912.881904,-69.633012,3.495372,3.492209,-4.672824
1650.0000,916.142460,916.380432,-74.381739,3.499244,3.500630,-4.833537
1651.0000,919.632813,919.881264,-79.303517,3.484206,3.501382,-5.007849
1652.0000,923.118344,923.385438,-84.382144,3.484809,3.500620,-5.155905
1653.0000,926.601135,926.877698,-89.607254,3.478926,3.489100,-5.291965
1654.0000,930.076189,930.369090,-94.973811,3.481378,3.490597,-5.443897
1655.0000,933.561339,933.851518,-100.482346,3.485489,3.472209,-5.571853
1656.0000,937.037432,937.320508,-106.122576,3.460279,3.466582,-5.713082
1657.0000,940.488537,940.770912,-111.896830,3.438825,3.441758,-5.830104
1658.0000,943.917805,944.203934,-117.783022,3.424606,3.425830,-5.945448
1659.0000,947.335323,947.624329,-123.782321,3.417090,3.416788,-6.043608
1660.0000,950.737783,951.028494,-129.875145,3.385225,3.385914,-6.140928
1661.0000,954.107960,954.395932,-136.060314,3.353284,3.350007,-6.224943
1662.0000,957.445399,957.730296,-142.320452,3.324011,3.327744,-6.291663
1663.0000,960.751810,961.037308,-148.646675,3.294533,3.288919,-6.351590
1664.0000,964.031031,964.316408,-155.021128,3.254577,3.264873,-6.388762
1665.0000,967.263457,967.547160,-161.436578,3.213057,3.206663,-6.434830
1666.0000,970.455706,970.734518,-167.891417,3.181436,3.162664,-6.471938
1667.0000,973.606518,973.878392,-174.369500,3.131023,3.127803,-6.489341
1668.0000,976.707951,976.987898,-180.858698,3.068968,3.088457,-6.484605
1669.0000,979.760843,980.049510,-187.338467,3.039669,3.035466,-6.470127
1670.0000,982.766537,983.051842,-193.797917,2.969416,2.983236,-6.443344
1671.0000,985.713131,986.004595,-200.226748,2.918648,2.931942,-6.418511
1672.0000,988.599037,988.909511,-206.620135,2.854057,2.872445,-6.367573
1673.0000,991.435057,991.749639,-212.953978,2.802118,2.811151,-6.294724
1674.0000,994.209146,994.534643,-219.212901,2.738634,2.749245,-6.212708
1675.0000,996.916121,997.249366,-225.386318,2.676192,2.681279,-6.127561
1676.0000,999.563961,999.906400,-231.463317,2.615765,2.633759,-6.017397
1677.0000,1002.146613,1002.505479,-237.423537,2.551211,2.564068,-5.894475
1678.0000,1004.670362,1005.028963,-243.261391,2.492247,2.486044,-5.769709
1679.0000,1007.127780,1007.477807,-248.960017,2.413743,2.408484,-5.624051
1680.0000,1009.502980,1009.855987,-254.517778,2.334057,2.343528,-5.483234
1681.0000,1011.798454,1012.153839,-259.915253,2.259561,2.254917,-5.302727
1682.0000,1014.017820,1014.367943,-265.137125,2.180333,2.184823,-5.132521
1683.0000,1016.158054,1016.511659,-270.175377,2.098029,2.105625,-4.947156
1684.0000,1018.225597,1018.577631,-275.015583,2.028347,2.021703,-4.729997
1685.0000,1020.207421,1020.568413,-279.641705,1.935177,1.955291,-4.510019
1686.0000,1022.100669,1022.485852,-284.042654,1.853662,1.879092,-4.284083
1687.0000,1023.911102,1024.318070,-288.213886,1.764669,1.791511,-4.054645
1688.0000,1025.646137,1026.061241,-292.150964,1.700868,1.688624,-3.803975
1689.0000,1027.311409,1027.706939,-295.833909,1.613690,1.606145,-3.549442
1690.0000,1028.880917,1029.270009,-299.255735,1.520303,1.513634,-3.283412
1691.0000,1030.357179,1030.736264,-302.414379,1.425892,1.421009,-3.026223
1692.0000,1031.733822,1032.112732,-305.301874,1.329434,1.329265,-2.742751
1693.0000,1033.032587,1033.402897,-307.889274,1.248114,1.237389,-2.438070
1694.0000,1034.239268,1034.600507,-310.188862,1.163453,1.154307,-2.152448
1695.0000,1035.357851,1035.702190,-312.196064,1.065583,1.058078,-1.857969
1696.0000,1036.376227,1036.717516,-313.896146,0.964001,0.975368,-1.546962
1697.0000,1037.296550,1037.637968,-315.286969,0.868640,0.876530,-1.235972
1698.0000,1038.122245,1038.468761,-316.373210,0.781413,0.779590,-0.928150
1699.0000,1038.853368,1039.199714,-317.148977,0.686286,0.679941,-0.625606
1700.0000,1039.495978,1039.838720,-317.614086,0.599244,0.597276,-0.304952
1701.0000,1040.046267,1040.393116,-317.765924,0.495728,0.508075,-0.002272
1702.0000,1040.499412,1040.847235,-317.615361,0.416112,0.408081,0.313577
1703.0000,1040.871586,1041.210440,-317.147403,0.317305,0.319932,0.622399
1704.0000,1041.147448,1041.487612,-316.371088,0.227360,0.239468,0.928087
1705.0000,1041.320352,1041.671364,-315.286602,0.127545,0.131226,1.241654
1706.0000,1041.397639,1041.752263,-313.898065,0.033182,0.033416,1.541697
1707.0000,1041.381510,1041.743114,-312.190325,-0.066274,-0.051634,1.869858
1708.0000,1041.273662,1041.640683,-310.179201,-0.149403,-0.156787,2.155347
1709.0000,1041.073097,1041.437808,-307.880538,-0.256038,-0.246804,2.454985
1710.0000,1040.776315,1041.140250,-305.289028,-0.341520,-0.342366,2.743190
1711.0000,1040.387308,1040.759229,-302.417258,-0.432063,-0.435009,3.006725
1712.0000,1039.913201,1040.284633,-299.274965,-0.522182,-0.521992,3.278686
1713.0000,1039.346760,1039.713612,-295.861270,-0.616626,-0.620983,3.540507
1714.0000,1038.686031,1039.053150,-292.193155,-0.708515,-0.699593,3.795264
1715.0000,1037.944241,1038.315920,-288.268116,-0.777454,-0.777064,4.054774
1716.0000,1037.125400,1037.495440,-284.100471,-0.863518,-0.856661,4.282252
1717.0000,1036.222166,1036.593233,-279.706378,-0.946351,-0.950490,4.500629
1718.0000,1035.232309,1035.606186,-275.096581,-1.035463,-1.026730,4.715246
1719.0000,1034.161886,1034.543894,-270.278051,-1.110074,-1.102332,4.924330
1720.0000,1033.013868,1033.397742,-265.243113,-1.194210,-1.190894,5.136908
1721.0000,1031.789498,1032.168761,-260.017884,-1.264817,-1.268643,5.321251
1722.0000,1030.485818,1030.863114,-254.613854,-1.348814,-1.329945,5.485506
1723.0000,1029.100926,1029.493994,-249.050942,-1.418753,-1.409806,5.646757
1724.0000,1027.658270,1028.043414,-243.338958,-1.472284,-1.488251,5.782470
1725.0000,1026.146108,1026.523114,-237.489520,-1.545912,-1.551184,5.915137
1726.0000,1024.562897,1024.939697,-231.514326,-1.618908,-1.618396,6.035480
1727.0000,1022.913222,1023.293567,-225.429255,-1.688315,-1.682182,6.127435
1728.0000,1021.188627,1021.580000,-219.251176,-1.750690,-1.738418,6.231987
1729.0000,1019.410756,1019.800700,-212.979594,-1.800801,-1.820506,6.307964
1730.0000,1017.577878,1017.956500,-206.636297,-1.862455,-1.869288,6.372394
1731.0000,1015.685448,1016.055200,-200.240429,-1.924575,-1.929714,6.420688
1732.0000,1013.723909,1014.099711,-193.806777,-1.986519,-1.983756,6.446699
1733.0000,1011.717972,1012.088728,-187.346579,-2.032733,-2.049387,6.476386
1734.0000,1009.659667,1010.017645,-180.868508,-2.077415,-2.083862,6.481150
1735.0000,1007.557810,1007.909759,-174.381052,-2.133264,-2.129819,6.485572
1736.0000,1005.405062,1005.756967,-167.900455,-2.176655,-2.181502,6.480242
1737.0000,1003.210213,1003.558024,-161.434398,-2.208011,-2.219235,6.452854
1738.0000,1000.979002,1001.322445,-155.005397,-2.244202,-2.253751,6.406137
1739.0000,998.713014,999.050468,-148.625888,-2.281164,-2.286047,6.344690
1740.0000,996.416217,996.743345,-142.304992,-2.311961,-2.330358,6.286069
1741.0000,994.089677,994.395649,-136.048968,-2.343787,-2.363451,6.220036
1742.0000,991.732499,992.015630,-129.866591,-2.365702,-2.398748,6.138619
1743.0000,989.343756,989.608905,-123.772015,-2.403233,-2.413394,6.048436
1744.0000,986.924767,987.193195,-117.769594,-2.429873,-2.420698,5.950861
1745.0000,984.492252,984.765257,-111.875170,-2.440164,-2.439892,5.829589
1746.0000,982.048024,982.316000,-106.109550,-2.447106,-2.453097,5.704545
1747.0000,979.588595,979.856089,-100.469625,-2.467896,-2.460583,5.573956
1748.0000,977.118736,977.390196,-94.968404,-2.475014,-2.477027,5.426756
1749.0000,974.644767,974.901288,-89.605032,-2.483309,-2.488865,5.298741
1750.0000,972.154314,972.407524,-84.379822,-2.492219,-2.501905,5.138440
1751.0000,969.661821,969.909471,-79.311940,-2.503194,-2.491276,4.995294
1752.0000,967.165630,967.418793,-74.387958,-2.494107,-2.489634,4.851347
1753.0000,964.666521,964.931270,-69.619080,-2.494295,-2.489715,4.686252
1754.0000,962.176109,962.442688,-65.020224,-2.483753,-2.477306,4.505698
1755.0000,959.693335,959.971006,-60.603946,-2.477486,-2.463226,4.328235
1756.0000,957.223221,957.514737,-56.355554,-2.461580,-2.447648,4.163024
1757.0000,954.767535,955.070800,-52.275660,-2.444568,-2.437818,3.997228
1758.0000,952.336491,952.645767,-48.372085,-2.422193,-2.417306,3.802465
1759.0000,949.920652,950.229330,-44.654111,-2.397660,-2.411526,3.633244
1760.0000,947.528076,947.831527,-41.101164,-2.380510,-2.382526,3.463346
1761.0000,945.154200,945.465282,-37.722313,-2.357597,-2.344395,3.287372
1762.0000,942.816086,943.139993,-34.514701,-2.317171,-2.307063,3.114219
1763.0000,940.517093,940.847815,-31.491901,-2.291588,-2.282930,2.931940
1764.0000,938.248583,938.577792,-28.642018,-2.247132,-2.249424,2.765669
1765.0000,936.021531,936.349398,-25.964295,-2.197268,-2.212550,2.597006
1766.0000,933.835827,934.152398,-23.448222,-2.164344,-2.176342,2.432474
1767.0000,931.688834,932.000361,-21.095555,-2.127714,-2.126419,2.273809
1768.0000,929.583273,929.897118,-18.897075,-2.081661,-2.067668,2.122723
1769.0000,927.526477,927.851193,-16.855801,-2.033802,-2.027202,1.964779
1770.0000,925.517948,925.846481,-14.961972,-1.976365,-1.988607,1.820557
1771.0000,923.560231,923.885289,-13.218065,-1.929098,-1.933822,1.670224
1772.0000,921.663213,921.982867,-11.623219,-1.865414,-1.873037,1.519219
1773.0000,919.824215,920.140256,-10.158655,-1.816347,-1.810782,1.398698
1774.0000,918.039749,918.369498,-8.823231,-1.751407,-1.740278,1.267205
1775.0000,916.316252,916.660264,-7.621250,-1.686659,-1.672774,1.140832
1776.0000,914.660229,915.012533,-6.523321,-1.610969,-1.619721,1.045977
1777.0000,913.079834,913.430001,-5.535232,-1.546432,-1.543471,0.931125
1778.0000,911.564562,911.920082,-4.658817,-1.473987,-1.483229,0.822937
1779.0000,910.121244,910.468271,-3.881222,-1.409287,-1.413125,0.726678
1780.0000,908.744887,909.095018,-3.203435,-1.338241,-1.347948,0.636503
1781.0000,907.444442,907.783928,-2.598608,-1.257625,-1.277127,0.567886
1782.0000,906.216577,906.545440,-2.063958,-1.195411,-1.193468,0.494072
1783.0000,905.064580,905.390464,-1.606297,-1.105531,-1.114880,0.417467
1784.0000,903.996216,904.317093,-1.221833,-1.027757,-1.025144,0.353426
1785.0000,903.012198,903.335663,-0.892831,-0.942212,-0.939196,0.298347
1786.0000,902.111436,902.434679,-0.621086,-0.855761,-0.865275,0.250976
1787.0000,901.295869,901.618562,-0.395798,-0.762292,-0.769631,0.210218
1788.0000,900.572741,900.893066,-0.203199,-0.678920,-0.683954,0.166129
1789.0000,899.935600,900.245114,-0.045650,-0.594202,-0.598261,0.133324
1790.0000,899.382841,899.687742,0.074453,-0.512431,-0.521653,0.106904
1791.0000,898.911413,899.210206,0.162082,-0.428130,-0.431522,0.077047
1792.0000,898.530337,898.818483,0.227336,-0.334240,-0.341822,0.047525
1793.0000,898.237562,898.527928,0.268662,-0.246800,-0.238162,0.038186
1794.0000,898.038112,898.332968,0.295226,-0.154527,-0.151435,0.025523
1795.0000,897.928338,898.228384,0.321650,-0.058867,-0.065535,0.024263
1796.0000,897.920701,898.208583,0.348275,0.043196,0.027340,0.027872
1797.0000,898.014813,898.289637,0.375998,0.139509,0.138565,0.024577
1798.0000,898.199015,898.465444,0.393325,0.222694,0.215066,0.019579
1799.0000,898.471436,898.733398,0.406680,0.319692,0.309981,0.010023
1800.0000,898.833788,899.085631,0.411841,0.406970,0.401273,0.008254
1801.0000,899.282849,899.527090,0.420706,0.491426,0.496090,0.004973
1802.0000,899.823748,900.064945,0.420726,0.597158,0.592751,-0.008801
1803.0000,900.465841,900.702510,0.415434,0.695669,0.676144,-0.002853
1804.0000,901.200662,901.437740,0.408597,0.775689,0.788548,-0.006222
1805.0000,902.018191,902.262421,0.401156,0.863522,0.868322,-0.012280
1806.0000,902.932579,903.193927,0.386117,0.963534,0.983059,-0.015677
1807.0000,903.944108,904.223446,0.367885,1.068371,1.074918,-0.018444
1808.0000,905.054741,905.346014,0.348288,1.162145,1.161765,-0.022147
1809.0000,906.260373,906.549273,0.313725,1.245129,1.244044,-0.043675
1810.0000,907.550438,907.838032,0.259584,1.338108,1.350171,-0.056913
1811.0000,908.933010,909.228133,0.195762,1.427474,1.431626,-0.077637
1812.0000,910.408191,910.705398,0.113525,1.506642,1.520543,-0.097527
1813.0000,911.960931,912.275973,-0.003040,1.602880,1.615572,-0.124701
1814.0000,913.599601,913.937579,-0.139163,1.673699,1.706452,-0.152495
1815.0000,915.326944,915.676881,-0.313477,1.785073,1.771816,-0.196440
1816.0000,917.152007,917.499873,-0.526678,1.866148,1.870439,-0.238289
1817.0000,919.062749,919.405492,-0.794965,1.940672,1.940675,-0.297907
1818.0000,921.034875,921.386178,-1.120475,2.011004,2.023756,-0.361592
1819.0000,923.094692,923.447460,-1.506427,2.098919,2.102367,-0.418524
1820.0000,925.234907,925.591808,-1.960383,2.183638,2.190810,-0.484776
1821.0000,927.456679,927.826041,-2.481248,2.261963,2.272863,-0.564155
1822.0000,929.753157,930.137262,-3.082914,2.333070,2.350262,-0.640610
1823.0000,932.124190,932.515676,-3.765644,2.418240,2.415565,-0.722053
1824.0000,934.577570,934.970307,-4.538345,2.482462,2.492924,-0.824041
1825.0000,937.088681,937.491832,-5.417612,2.539444,2.548464,-0.931087
1826.0000,939.663629,940.076909,-6.404072,2.609523,2.623428,-1.032688
1827.0000,942.307045,942.724504,-7.489977,2.677874,2.681108,-1.148498
1828.0000,945.019810,945.448398,-8.700806,2.747421,2.761145,-1.272182
1829.0000,947.803635,948.234985,-10.035315,2.815914,2.815120,-1.408318
1830.0000,950.644510,951.072527,-11.508833,2.873946,2.859426,-1.535643
1831.0000,953.544601,953.959062,-13.111524,2.920617,2.917577,-1.676509
1832.0000,956.493268,956.905125,-14.849327,2.985071,2.979442,-1.810713
1833.0000,959.502887,959.910872,-16.730759,3.032098,3.021698,-1.955888
1834.0000,962.553305,962.962731,-18.768012,3.074603,3.081955,-2.120873
1835.0000,965.655129,966.071392,-20.962571,3.131316,3.135805,-2.274119
1836.0000,968.803246,969.227905,-23.314390,3.162301,3.173721,-2.426148
1837.0000,971.992764,972.427967,-25.833190,3.208898,3.221921,-2.609538
1838.0000,975.219797,975.665283,-28.527453,3.248412,3.256153,-2.778287
1839.0000,978.485526,978.941854,-31.388386,3.289921,3.297089,-2.948878
1840.0000,981.790812,982.253062,-34.418503,3.320278,3.331420,-3.112776
1841.0000,985.129638,985.599238,-37.616462,3.354124,3.355886,-3.286777
1842.0000,988.498943,988.964552,-40.988374,3.385629,3.374990,-3.451287
1843.0000,991.890829,992.355282,-44.529757,3.402959,3.403683,-3.634651
1844.0000,995.302326,995.767812,-48.250353,3.427104,3.425842,-3.805322
1845.0000,998.730796,999.198218,-52.145284,3.432971,3.438182,-3.991165
1846.0000,1002.175588,1002.653993,-56.220549,3.455731,3.463334,-4.162402
1847.0000,1005.643005,1006.122736,-60.465398,3.472636,3.478247,-4.336111
1848.0000,1009.125300,1009.603386,-64.883321,3.489513,3.488348,-4.497912
1849.0000,1012.615304,1013.088107,-69.470303,3.482345,3.483761,-4.666805
1850.0000,1016.100199,1016.568516,-74.227528,3.489852,3.490578,-4.842125
1851.0000,1019.600221,1020.065752,-79.142914,3.502473,3.498615,-4.996651
1852.0000,1023.104750,1023.561713,-84.215828,3.515611,3.490082,-5.160465
1853.0000,1026.615241,1027.055499,-89.455370,3.504216,3.494480,-5.317682
1854.0000,1030.103837,1030.545240,-94.835688,3.479344,3.489605,-5.447472
1855.0000,1033.578035,1034.030769,-100.341700,3.469892,3.474695,-5.563154
1856.0000,1037.041947,1037.502537,-105.974995,3.458566,3.466268,-5.693239
1857.0000,1040.494123,1040.960530,-111.734980,3.438830,3.449649,-5.827105
1858.0000,1043.927311,1044.392939,-117.611376,3.425476,3.418680,-5.928913
1859.0000,1047.338219,1047.803344,-123.600517,3.404838,3.396472,-6.037837
1860.0000,1050.731134,1051.191470,-129.692087,3.377556,3.374974,-6.139256
1861.0000,1054.095270,1054.557692,-135.878703,3.344229,3.349582,-6.232359
1862.0000,1057.423034,1057.890202,-142.140406,3.308456,3.320187,-6.287262
1863.0000,1060.720455,1061.204273,-148.458540,3.285920,3.302648,-6.344085
1864.0000,1063.997741,1064.480768,-154.835729,3.256500,3.257274,-6.403273
1865.0000,1067.233922,1067.723027,-161.257533,3.209407,3.226547,-6.439758
1866.0000,1070.425501,1070.922364,-167.713113,3.169830,3.174418,-6.469715
1867.0000,1073.587640,1074.072753,-174.187259,3.136177,3.123963,-6.480065
1868.0000,1076.702344,1077.177711,-180.666049,3.087985,3.078849,-6.492843
1869.0000,1079.766620,1080.234502,-187.142711,3.032436,3.028571,-6.469566
1870.0000,1082.770653,1083.234338,-193.600576,2.975315,2.972624,-6.442051
1871.0000,1085.718550,1086.173179,-200.028810,2.916861,2.906776,-6.415822
1872.0000,1088.604457,1089.055747,-206.420778,2.859506,2.853263,-6.365232
1873.0000,1091.438900,1091.878850,-212.755107,2.810585,2.803158,-6.299621
1874.0000,1094.218156,1094.657949,-219.016487,2.752857,2.747020,-6.212574
1875.0000,1096.938479,1097.365825,-225.186569,2.688713,2.670441,-6.121055
1876.0000,1099.587014,1100.014576,-231.258753,2.616939,2.615052,-6.015104
1877.0000,1102.174062,1102.590459,-237.228861,2.558039,2.539291,-5.910130
1878.0000,1104.695267,1105.092786,-243.072920,2.489273,2.469405,-5.780416
1879.0000,1107.151566,1107.527684,-248.779778,2.420644,2.403542,-5.625819
1880.0000,1109.533172,1109.890222,-254.336298,2.343262,2.334559,-5.474089
1881.0000,1111.839166,1112.189916,-259.732219,2.267306,2.268517,-5.313507
1882.0000,1114.065245,1114.425124,-264.955404,2.185197,2.198098,-5.128585
1883.0000,1116.211854,1116.577045,-269.990602,2.113693,2.113655,-4.938354
1884.0000,1118.280584,1118.647396,-274.831354,2.023516,2.022926,-4.734019
1885.0000,1120.262766,1120.628416,-279.464361,1.939578,1.934443,-4.526995
1886.0000,1122.167474,1122.521849,-283.876209,1.860188,1.848119,-4.287160
1887.0000,1123.985058,1124.333675,-288.045868,1.775495,1.778098,-4.048343
1888.0000,1125.720357,1126.071098,-291.978231,1.698461,1.692880,-3.803435
1889.0000,1127.375231,1127.721391,-295.657198,1.601638,1.602721,-3.545700
1890.0000,1128.932037,1129.281411,-299.070735,1.508516,1.520190,-3.280992
1891.0000,1130.401913,1130.762145,-302.216636,1.425832,1.431622,-3.006202
1892.0000,1131.785150,1132.149318,-305.084847,1.336470,1.337594,-2.731886
1893.0000,1133.081840,1133.441973,-307.679199,1.255433,1.250500,-2.447580
1894.0000,1134.287570,1134.639618,-309.978784,1.163826,1.137731,-2.147969
1895.0000,1135.397319,1135.734884,-311.982983,1.057905,1.048997,-1.852211
1896.0000,1136.404687,1136.739624,-313.681874,0.960868,0.954209,-1.543847
1897.0000,1137.324951,1137.644107,-315.079363,0.872156,0.865283,-1.256683
1898.0000,1138.150157,1138.466340,-316.182089,0.783882,0.781399,-0.941975
1899.0000,1138.884581,1139.195451,-316.970861,0.688785,0.680039,-0.629141
1900.0000,1139.524249,1139.829742,-317.441559,0.591159,0.592243,-0.313116
1901.0000,1140.071548,1140.378520,-317.607120,0.502052,0.503937,-0.014079
1902.0000,1140.525590,1140.835677,-317.459212,0.403532,0.410496,0.306493
1903.0000,1140.883760,1141.191419,-316.990208,0.314647,0.308165,0.636190
1904.0000,1141.154286,1141.454947,-316.199237,0.221227,0.216411,0.947917
1905.0000,1141.330512,1141.624319,-315.093328,0.126023,0.120129,1.262563
1906.0000,1141.416642,1141.698736,-313.689196,0.039261,0.032389,1.558451
1907.0000,1141.407043,1141.690282,-311.979629,-0.061945,-0.050353,1.853875
1908.0000,1141.296698,1141.595510,-309.983209,-0.158912,-0.142821,2.147019
1909.0000,1141.085155,1141.410289,-307.691487,-0.255526,-0.233853,2.435517
1910.0000,1140.787266,1141.128606,-305.107899,-0.339460,-0.339445,2.725714
1911.0000,1140.408870,1140.742482,-302.237209,-0.427572,-0.423553,3.007735
1912.0000,1139.935205,1140.268447,-299.088032,-0.507841,-0.527924,3.280042
1913.0000,1139.382535,1139.701922,-295.679610,-0.604153,-0.609964,3.539876
1914.0000,1138.740917,1139.043683,-292.004625,-0.682009,-0.703568,3.809615
1915.0000,1138.011589,1138.299647,-288.073632,-0.768594,-0.787414,4.053464
1916.0000,1137.202862,1137.474872,-283.908081,-0.856077,-0.869447,4.282141
1917.0000,1136.298166,1136.565087,-279.515918,-0.938022,-0.940458,4.495937
1918.0000,1135.320267,1135.583501,-274.908393,-1.019874,-1.018868,4.722300
1919.0000,1134.265104,1134.527037,-270.076729,-1.105597,-1.092692,4.936758
1920.0000,1133.116437,1133.387757,-265.041549,-1.188132,-1.183416,5.126221
1921.0000,1131.899996,1132.165353,-259.823290,-1.251946,-1.259645,5.310671
1922.0000,1130.601566,1130.870634,-254.430055,-1.335388,-1.338557,5.482822
1923.0000,1129.235954,1129.503745,-248.870935,-1.402044,-1.401990,5.627778
1924.0000,1127.788348,1128.066485,-243.169105,-1.494728,-1.464499,5.784900
1925.0000,1126.259466,1126.559605,-237.314130,-1.555640,-1.556365,5.924897
1926.0000,1124.669745,1124.972070,-231.330758,-1.620486,-1.611032,6.035667
1927.0000,1123.015095,1123.322229,-225.244930,-1.689609,-1.684630,6.138972
1928.0000,1121.292134,1121.611481,-219.059985,-1.749527,-1.739683,6.233355
1929.0000,1119.517334,1119.836751,-212.793634,-1.799642,-1.810548,6.302962
1930.0000,1117.688573,1117.993231,-206.457946,-1.859667,-1.869408,6.362824
1931.0000,1115.805738,1116.094439,-200.068996,-1.903591,-1.925458,6.419777
1932.0000,1113.872155,1114.132483,-193.628084,-1.965676,-1.984742,6.462180
1933.0000,1111.870767,1112.125945,-187.153847,-2.029644,-2.029514,6.487565
1934.0000,1109.811355,1110.075061,-180.660008,-2.083979,-2.082613,6.486711
1935.0000,1107.705728,1107.966432,-174.171652,-2.129442,-2.133891,6.489903
1936.0000,1105.548625,1105.811609,-167.684123,-2.174344,-2.170649,6.478568
1937.0000,1103.351557,1103.618104,-161.227172,-2.222555,-2.221293,6.442811
1938.0000,1101.122073,1101.384609,-154.798627,-2.241710,-2.249714,6.420314
1939.0000,1098.861860,1099.115998,-148.408488,-2.276616,-2.279707,6.359958
1940.0000,1096.572357,1096.825475,-142.086298,-2.315977,-2.313988,6.288473
1941.0000,1094.246244,1094.499684,-135.827940,-2.349258,-2.343948,6.225202
1942.0000,1091.880774,1092.143456,-129.647473,-2.381520,-2.372480,6.139046
1943.0000,1089.488538,1089.750179,-123.558216,-2.398651,-2.411373,6.042661
1944.0000,1087.074837,1087.327784,-117.569739,-2.421169,-2.428394,5.936138
1945.0000,1084.643896,1084.888913,-111.691454,-2.441726,-2.441222,5.834355
1946.0000,1082.189935,1082.443301,-105.914484,-2.467030,-2.458270,5.711906
1947.0000,1079.727207,1079.980044,-100.267481,-2.468624,-2.467265,5.580045
1948.0000,1077.247689,1077.507771,-94.756509,-2.494893,-2.478889,5.442712
1949.0000,1074.746241,1075.024316,-89.384158,-2.502553,-2.484713,5.301178
1950.0000,1072.242627,1072.530195,-84.153988,-2.497069,-2.486630,5.152907
1951.0000,1069.744577,1070.029975,-79.069007,-2.489135,-2.500054,5.008687
1952.0000,1067.253089,1067.528479,-74.137861,-2.494941,-2.504149,4.843137
1953.0000,1064.754712,1065.028561,-69.374605,-2.503886,-2.498449,4.668613
1954.0000,1062.264323,1062.536408,-64.781352,-2.483518,-2.490408,4.511357
1955.0000,1059.785144,1060.048492,-60.356973,-2.468667,-2.473449,4.342270
1956.0000,1057.325953,1057.583440,-56.102939,-2.444602,-2.464737,4.160641
1957.0000,1054.876932,1055.125649,-52.026138,-2.444580,-2.446860,3.999995
1958.0000,1052.453471,1052.686454,-48.120555,-2.414834,-2.424427,3.820809
1959.0000,1050.039869,1050.276362,-44.393677,-2.410090,-2.394779,3.631418
1960.0000,1047.640453,1047.886440,-40.838746,-2.394466,-2.372986,3.467272
1961.0000,1045.269311,1045.523393,-37.461608,-2.351820,-2.353857,3.292530
1962.0000,1042.931156,1043.185472,-34.257562,-2.318554,-2.317502,3.113884
1963.0000,1040.632075,1040.883625,-31.237910,-2.289156,-2.282029,2.929172
1964.0000,1038.368972,1038.613784,-28.391969,-2.247720,-2.244570,2.763334
1965.0000,1036.140222,1036.387718,-25.713131,-2.214003,-2.215976,2.595399
1966.0000,1033.938300,1034.195036,-23.192721,-2.181628,-2.168131,2.439367
1967.0000,1031.782553,1032.049894,-20.832938,-2.129114,-2.123777,2.276986
1968.0000,1029.679756,1029.948777,-18.635809,-2.078694,-2.080439,2.116733
1969.0000,1027.625423,1027.892874,-16.591877,-2.022911,-2.034754,1.969564
1970.0000,1025.620362,1025.878739,-14.697263,-1.984811,-1.989978,1.820451
1971.0000,1023.668871,1023.917423,-12.951466,-1.919201,-1.931067,1.675598
1972.0000,1021.784226,1022.012261,-11.354331,-1.858291,-1.872771,1.522040
1973.0000,1019.957564,1020.167506,-9.890787,-1.809234,-1.817435,1.393528
1974.0000,1018.175073,1018.378592,-8.551034,-1.751836,-1.763700,1.280628
1975.0000,1016.453465,1016.653281,-7.328747,-1.681483,-1.687436,1.156542
1976.0000,1014.796182,1015.001353,-6.233578,-1.614350,-1.621661,1.040933
1977.0000,1013.213443,1013.415932,-5.242519,-1.539702,-1.546202,0.941907
1978.0000,1011.697181,1011.905204,-4.359414,-1.487627,-1.480791,0.826396
1979.0000,1010.249386,1010.459559,-3.579463,-1.408068,-1.406628,0.734172
1980.0000,1008.872991,1009.089328,-2.888640,-1.337049,-1.336663,0.648266
1981.0000,1007.563546,1007.789618,-2.288589,-1.266684,-1.253077,0.553862
1982.0000,1006.336234,1006.574338,-1.771834,-1.180331,-1.182858,0.487765
1983.0000,1005.185751,1005.428691,-1.318069,-1.107953,-1.106910,0.426483
1984.0000,1004.120246,1004.359562,-0.927049,-1.021909,-1.022622,0.352167
1985.0000,1003.136926,1003.372460,-0.602199,-0.940774,-0.944653,0.296181
1986.0000,1002.242805,1002.470080,-0.338360,-0.861677,-0.859537,0.238950
1987.0000,1001.426774,1001.653060,-0.123799,-0.769967,-0.774532,0.188481
1988.0000,1000.689238,1000.917220,0.047992,-0.687120,-0.689295,0.160101
1989.0000,1000.043525,1000.269922,0.195533,-0.598811,-0.598987,0.130881
1990.0000,999.488757,999.706008,0.312987,-0.504949,-0.518521,0.105199
1991.0000,999.020154,999.229144,0.407820,-0.428221,-0.427802,0.078640
1992.0000,998.640233,998.846362,0.479035,-0.330040,-0.347069,0.059071
1993.0000,998.349498,998.543896,0.534477,-0.250024,-0.251760,0.051537
1994.0000,998.136767,998.342976,0.575653,-0.165380,-0.150312,0.031512
1995.0000,998.017357,998.245550,0.606220,-0.066105,-0.046685,0.022704
1996.0000,997.994212,998.245656,0.621584,0.029578,0.047287,0.006642
1997.0000,998.068059,998.326937,0.624540,0.112767,0.131304,0.006015
1998.0000,998.228881,998.505426,0.631660,0.201491,0.223230,0.006155
1999.0000,998.487770,998.775895,0.638538,0.299947,0.322563,0.008086
2000.0000,998.841244,999.145205,0.645595,0.402943,0.413520,0.012763
2001.0000,999.294362,999.599342,0.648053,0.502012,0.495902,0.006465
2002.0000,999.838363,1000.142120,0.655423,0.586434,0.591539,0.004278
2003.0000,1000.470943,1000.775320,0.657233,0.688762,0.681544,0.007677
2004.0000,1001.214490,1001.505521,0.657558,0.793948,0.781561,-0.001041
2005.0000,1002.047818,1002.327842,0.654950,0.872321,0.864012,-0.011848
2006.0000,1002.964394,1003.253449,0.644768,0.967312,0.979601,-0.012055
2007.0000,1003.974940,1004.275285,0.625044,1.058817,1.064337,-0.023244
2008.0000,1005.077124,1005.379848,0.602310,1.153536,1.148323,-0.023568
2009.0000,1006.272894,1006.579373,0.574380,1.239339,1.242818,-0.034901
2010.0000,1007.561448,1007.876539,0.529593,1.338092,1.347849,-0.055061
2011.0000,1008.938913,1009.267420,0.456932,1.421581,1.430969,-0.082933
2012.0000,1010.411235,1010.739080,0.377218,1.523152,1.517460,-0.086324
2013.0000,1011.972462,1012.306766,0.275654,1.593701,1.618022,-0.112509
2014.0000,1013.606962,1013.957923,0.137119,1.676516,1.688217,-0.163634
2015.0000,1015.328201,1015.690810,-0.053806,1.770453,1.774172,-0.207171
2016.0000,1017.139020,1017.505483,-0.280687,1.855749,1.854892,-0.256004
2017.0000,1019.042859,1019.403949,-0.555474,1.945131,1.940179,-0.304202
2018.0000,1021.027753,1021.381554,-0.884716,2.022812,2.021216,-0.345852
2019.0000,1023.092212,1023.453927,-1.270311,2.112692,2.109065,-0.426063
2020.0000,1025.244860,1025.601027,-1.729218,2.201112,2.181813,-0.495370
2021.0000,1027.480256,1027.830854,-2.257946,2.278935,2.272649,-0.562927
2022.0000,1029.786469,1030.141412,-2.868973,2.343571,2.351105,-0.657435
2023.0000,1032.166608,1032.526877,-3.569353,2.418794,2.418486,-0.740984
2024.0000,1034.617159,1034.981772,-4.354942,2.485958,2.484048,-0.834690
2025.0000,1037.135319,1037.499998,-5.235489,2.543277,2.555024,-0.938292
2026.0000,1039.719409,1040.082580,-6.225643,2.623881,2.608892,-1.053918
2027.0000,1042.378766,1042.725159,-7.329861,2.691430,2.676497,-1.159940
2028.0000,1045.096052,1045.433607,-8.539759,2.739761,2.732400,-1.268056
2029.0000,1047.869868,1048.206646,-9.875382,2.801670,2.807998,-1.400754
2030.0000,1050.712417,1051.051343,-11.338795,2.878138,2.874748,-1.531013
2031.0000,1053.624441,1053.948637,-12.939451,2.944377,2.927759,-1.668250
2032.0000,1056.578824,1056.908576,-14.674234,2.968532,2.993464,-1.804443
2033.0000,1059.572000,1059.926251,-16.557388,3.030169,3.033589,-1.963634
2034.0000,1062.622692,1062.984757,-18.597450,3.076090,3.082305,-2.124280
2035.0000,1065.718169,1066.082613,-20.800015,3.127211,3.121166,-2.286858
2036.0000,1068.869724,1069.227686,-23.163823,3.169530,3.180251,-2.442569
2037.0000,1072.061062,1072.426106,-25.690514,3.211534,3.214040,-2.609438
2038.0000,1075.292721,1075.658109,-28.384631,3.248212,3.250899,-2.771822
2039.0000,1078.559066,1078.925539,-31.245057,3.289723,3.277532,-2.946079
2040.0000,1081.863741,1082.220628,-34.277726,3.327790,3.312270,-3.115433
2041.0000,1085.205534,1085.538271,-37.480898,3.354357,3.331146,-3.294605
2042.0000,1088.572225,1088.898647,-40.861625,3.379838,3.372616,-3.473203
2043.0000,1091.963790,1092.287321,-44.416705,3.409759,3.401945,-3.653728
2044.0000,1095.379796,1095.703501,-48.146727,3.425711,3.429938,-3.821476
2045.0000,1098.815878,1099.146206,-52.048027,3.454006,3.454584,-3.982326
2046.0000,1102.277034,1102.603802,-56.118791,3.466618,3.455815,-4.154757
2047.0000,1105.751289,1106.069278,-60.363346,3.480530,3.471740,-4.332166
2048.0000,1109.234258,1109.549351,-64.783750,3.485014,3.485010,-4.503009
2049.0000,1112.720234,1113.038343,-69.371426,3.491505,3.493467,-4.670099
2050.0000,1116.215031,1116.534030,-74.128836,3.502563,3.492863,-4.837178
2051.0000,1119.713896,1120.029815,-79.046414,3.499928,3.491635,-5.002965
2052.0000,1123.211876,1123.522574,-84.128676,3.502125,3.495473,-5.163367
2053.0000,1126.706339,1127.014681,-89.367938,3.488437,3.483303,-5.319977
2054.0000,1130.184510,1130.503250,-94.756724,3.470161,3.493757,-5.464703
2055.0000,1133.659719,1133.994195,-100.280321,3.467526,3.487505,-5.588816
2056.0000,1137.119936,1137.474474,-105.934454,3.452525,3.462602,-5.712798
2057.0000,1140.565104,1140.934200,-111.701097,3.440335,3.455216,-5.827239
2058.0000,1143.996986,1144.374516,-117.587215,3.422227,3.425689,-5.941731
2059.0000,1147.414595,1147.789111,-123.588697,3.408492,3.408545,-6.051368
2060.0000,1150.812805,1151.185259,-129.684350,3.382962,3.388206,-6.145476
2061.0000,1154.183304,1154.554064,-135.869936,3.351342,3.353916,-6.229080
2062.0000,1157.521440,1157.891447,-142.136460,3.330542,3.315467,-6.301384
2063.0000,1160.830405,1161.191522,-148.464381,3.284328,3.285739,-6.358169
2064.0000,1164.095550,1164.453690,-154.849181,3.251343,3.239150,-6.408901
2065.0000,1167.328138,1167.681318,-161.273238,3.220171,3.219779,-6.440427
2066.0000,1170.517732,1170.878237,-167.732694,3.164502,3.174189,-6.470476
2067.0000,1173.659321,1174.024610,-174.206341,3.125574,3.122529,-6.477234
2068.0000,1176.766747,1177.122928,-180.685429,3.084731,3.080667,-6.482554
2069.0000,1179.826518,1180.182308,-187.158756,3.037885,3.037873,-6.465527
2070.0000,1182.836298,1183.194137,-193.616673,2.978751,2.982686,-6.448257
2071.0000,1185.790437,1186.144789,-200.045569,2.928590,2.922237,-6.410352
2072.0000,1188.689389,1189.042216,-206.431767,2.870445,2.880384,-6.354055
2073.0000,1191.530545,1191.895731,-212.758466,2.803064,2.817396,-6.296669
2074.0000,1194.301735,1194.679609,-219.018992,2.740456,2.745648,-6.216444
2075.0000,1197.015526,1197.392273,-225.198331,2.688792,2.688383,-6.133830
2076.0000,1199.673280,1200.050630,-231.281949,2.622057,2.635248,-6.029905
2077.0000,1202.263220,1202.645309,-237.260674,2.553998,2.557607,-5.913130
2078.0000,1204.774146,1205.166547,-243.112193,2.468706,2.482530,-5.781404
2079.0000,1207.205190,1207.613328,-248.825610,2.396708,2.416947,-5.640515
2080.0000,1209.574972,1209.991555,-254.390225,2.331666,2.341591,-5.470059
2081.0000,1211.871483,1212.294956,-259.784704,2.263829,2.266126,-5.305956
2082.0000,1214.102283,1214.518808,-265.000688,2.196498,2.186077,-5.125402
2083.0000,1216.254310,1216.667329,-270.031948,2.113522,2.102235,-4.937195
2084.0000,1218.322131,1218.734593,-274.870870,2.026465,2.025826,-4.733342
2085.0000,1220.306379,1220.718570,-279.496667,1.946461,1.938257,-4.521080
2086.0000,1222.214240,1222.610704,-283.907193,1.865064,1.854092,-4.285548
2087.0000,1224.032917,1224.426714,-288.075400,1.777787,1.771751,-4.050388
2088.0000,1225.771254,1226.147962,-292.016132,1.698762,1.671793,-3.815830
2089.0000,1227.421906,1227.787992,-295.699423,1.609540,1.601750,-3.545071
2090.0000,1228.988881,1229.349635,-299.111129,1.523748,1.517441,-3.281824
2091.0000,1230.471489,1230.816453,-302.258099,1.431460,1.416388,-2.997860
2092.0000,1231.860703,1232.194914,-305.120605,1.342711,1.329525,-2.724704
2093.0000,1233.150329,1233.486702,-307.697856,1.249963,1.247454,-2.432173
2094.0000,1234.350931,1234.688175,-309.990398,1.157240,1.158510,-2.149168
2095.0000,1235.462472,1235.795955,-311.993709,1.062537,1.062455,-1.850858
2096.0000,1236.478937,1236.812066,-313.705664,0.957783,0.967731,-1.559818
2097.0000,1237.389632,1237.735528,-315.104038,0.861544,0.873710,-1.247535
2098.0000,1238.209408,1238.568151,-316.201122,0.780658,0.787122,-0.941013
2099.0000,1238.945650,1239.309107,-316.985209,0.698778,0.695070,-0.634879
2100.0000,1239.586037,1239.959976,-317.458721,0.588324,0.599386,-0.315765
2101.0000,1240.125771,1240.508529,-317.619108,0.485505,0.498604,-0.004295
2102.0000,1240.576714,1240.966855,-317.470449,0.402184,0.415444,0.300898
2103.0000,1240.931575,1241.326601,-317.008820,0.299952,0.306653,0.617718
2104.0000,1241.177351,1241.584095,-316.229796,0.204884,0.209969,0.939470
2105.0000,1241.346383,1241.750970,-315.129312,0.120714,0.116265,1.257139
2106.0000,1241.417346,1241.816488,-313.722408,0.022559,0.021608,1.560111
2107.0000,1241.398496,1241.797542,-312.024309,-0.065248,-0.072284,1.848068
2108.0000,1241.283073,1241.680225,-310.016653,-0.163129,-0.159684,2.166798
2109.0000,1241.081008,1241.474461,-307.704204,-0.240658,-0.249368,2.457029
2110.0000,1240.795405,1241.181236,-305.107410,-0.333268,-0.341641,2.735426
2111.0000,1240.414665,1240.808508,-302.235203,-0.420771,-0.417579,3.011346
2112.0000,1239.946202,1240.342927,-299.098182,-0.506751,-0.510689,3.266083
2113.0000,1239.393601,1239.785802,-295.691843,-0.599057,-0.598071,3.546726
2114.0000,1238.750160,1239.139968,-292.010278,-0.683357,-0.683965,3.818276
2115.0000,1238.024365,1238.405969,-288.069424,-0.767920,-0.774429,4.059672
2116.0000,1237.211363,1237.589846,-283.890814,-0.866222,-0.856665,4.291667
2117.0000,1236.307276,1236.693967,-279.483249,-0.949109,-0.941184,4.517717
2118.0000,1235.320207,1235.712512,-274.854724,-1.025448,-1.021385,4.740437
2119.0000,1234.257535,1234.646663,-270.014046,-1.100769,-1.104488,4.932040
2120.0000,1233.112027,1233.500073,-264.979902,-1.180188,-1.189380,5.132199
2121.0000,1231.891976,1232.269850,-259.755174,-1.261442,-1.268429,5.319064
2122.0000,1230.596941,1230.963521,-254.354915,-1.339041,-1.346800,5.484474
2123.0000,1229.222659,1229.579033,-248.793242,-1.407705,-1.417999,5.638692
2124.0000,1227.778768,1228.129618,-243.091497,-1.480722,-1.473065,5.769370
2125.0000,1226.265798,1226.618757,-237.244504,-1.549661,-1.552561,5.919202
2126.0000,1224.683755,1225.026400,-231.266136,-1.620994,-1.624099,6.042556
2127.0000,1223.035582,1223.371331,-225.173625,-1.675401,-1.693858,6.146144
2128.0000,1221.322194,1221.651781,-218.989518,-1.748409,-1.741273,6.224623
2129.0000,1219.539463,1219.879446,-212.725865,-1.820027,-1.800893,6.301261
2130.0000,1217.693873,1218.043871,-206.392944,-1.873528,-1.867307,6.368132
2131.0000,1215.799876,1216.141353,-200.005285,-1.918928,-1.941005,6.411483
2132.0000,1213.844809,1214.183760,-193.565978,-1.989925,-1.982769,6.454153
2133.0000,1211.833217,1212.176899,-187.102696,-2.035117,-2.033832,6.473828
2134.0000,1209.775010,1210.119551,-180.628474,-2.080555,-2.079881,6.480413
2135.0000,1207.672607,1208.011791,-174.145506,-2.124225,-2.124616,6.482587
2136.0000,1205.521003,1205.863814,-167.668949,-2.174577,-2.181034,6.465126
2137.0000,1203.333720,1203.663932,-161.208266,-2.204370,-2.216200,6.442321
2138.0000,1201.104601,1201.431734,-154.788888,-2.242131,-2.252485,6.401287
2139.0000,1198.842442,1199.162915,-148.408588,-2.285518,-2.287894,6.350099
2140.0000,1196.550833,1196.863467,-142.086036,-2.307519,-2.314787,6.297956
2141.0000,1194.218859,1194.535635,-135.824998,-2.356403,-2.338059,6.224916
2142.0000,1191.851734,1192.178175,-129.647537,-2.382927,-2.369149,6.136784
2143.0000,1189.457683,1189.795234,-123.555653,-2.401671,-2.408535,6.045769
2144.0000,1187.046093,1187.368873,-117.560003,-2.423601,-2.438364,5.946150
2145.0000,1184.606686,1184.927206,-111.665640,-2.446180,-2.453756,5.833344
2146.0000,1182.148711,1182.472901,-105.896813,-2.459679,-2.452698,5.705301
2147.0000,1179.686331,1180.009133,-100.250625,-2.469100,-2.463834,5.581101
2148.0000,1177.206429,1177.532249,-94.741544,-2.485355,-2.480099,5.438256
2149.0000,1174.717049,1175.045560,-89.368179,-2.486133,-2.487788,5.298897
2150.0000,1172.221935,1172.551500,-84.138347,-2.492055,-2.498206,5.158628
2151.0000,1169.728607,1170.051419,-79.058665,-2.489077,-2.500670,5.004179
2152.0000,1167.234824,1167.549587,-74.131176,-2.496191,-2.496487,4.847686
2153.0000,1164.737534,1165.054881,-69.364590,-2.491343,-2.496583,4.680696
2154.0000,1162.254802,1162.565023,-64.763191,-2.474781,-2.487556,4.516505
2155.0000,1159.778224,1160.076029,-60.326755,-2.477235,-2.481880,4.348431
2156.0000,1157.309588,1157.598652,-56.064675,-2.456222,-2.473683,4.169003
2157.0000,1154.857733,1155.143026,-51.983934,-2.440878,-2.440286,3.995194
2158.0000,1152.433328,1152.708412,-48.080537,-2.417064,-2.432043,3.819249
2159.0000,1150.019190,1150.284442,-44.347760,-2.394899,-2.410907,3.642275
2160.0000,1147.629341,1147.882609,-40.799510,-2.383820,-2.385818,3.464702
2161.0000,1145.251057,1145.513928,-37.424347,-2.364323,-2.355082,3.284344
2162.0000,1142.891665,1143.180804,-34.232342,-2.348344,-2.325286,3.109437
2163.0000,1140.571767,1140.875976,-31.213506,-2.296266,-2.287156,2.927623
2164.0000,1138.297053,1138.598651,-28.361160,-2.258309,-2.258135,2.772927
2165.0000,1136.064510,1136.362629,-25.664265,-2.203837,-2.220933,2.619946
2166.0000,1133.880403,1134.162333,-23.135340,-2.177518,-2.173573,2.436209
2167.0000,1131.728241,1132.012713,-20.786228,-2.118157,-2.126752,2.253675
2168.0000,1129.629804,1129.918283,-18.600894,-2.068628,-2.067054,2.115595
2169.0000,1127.584478,1127.870991,-16.560502,-2.026449,-2.020326,1.967067
2170.0000,1125.580416,1125.878395,-14.672830,-1.985913,-1.966613,1.810652
2171.0000,1123.619795,1123.935866,-12.938275,-1.933412,-1.922897,1.661501
2172.0000,1121.712804,1122.041626,-11.337114,-1.879146,-1.866072,1.534304
2173.0000,1119.862450,1120.203910,-9.867661,-1.822226,-1.806427,1.394346
2174.0000,1118.081763,1118.430358,-8.531013,-1.751585,-1.745407,1.270384
2175.0000,1116.363827,1116.718394,-7.318512,-1.679563,-1.687791,1.150273
2176.0000,1114.715834,1115.056931,-6.216962,-1.622368,-1.636216,1.036521
2177.0000,1113.124907,1113.458554,-5.229695,-1.559262,-1.566261,0.937012
2178.0000,1111.606681,1111.938820,-4.336109,-1.480896,-1.479154,0.844667
2179.0000,1110.171191,1110.491112,-3.550825,-1.395413,-1.411864,0.733999
2180.0000,1108.799259,1109.118909,-2.867528,-1.343128,-1.336906,0.636357
2181.0000,1107.493101,1107.818435,-2.276064,-1.264976,-1.262976,0.544087
2182.0000,1106.271553,1106.590481,-1.761708,-1.184668,-1.189368,0.489333
2183.0000,1105.125196,1105.444204,-1.303981,-1.100558,-1.115121,0.429284
2184.0000,1104.055350,1104.377601,-0.915628,-1.028037,-1.018307,0.353817
2185.0000,1103.068032,1103.405264,-0.596115,-0.948620,-0.928154,0.285232
2186.0000,1102.157017,1102.504085,-0.329938,-0.857713,-0.866550,0.246514
2187.0000,1101.346086,1101.680507,-0.102056,-0.766590,-0.774741,0.208279
2188.0000,1100.624986,1100.943388,0.082909,-0.673710,-0.690005,0.157465
2189.0000,1099.992357,1100.291250,0.220369,-0.591512,-0.611584,0.130860
2190.0000,1099.440164,1099.725211,0.339518,-0.507392,-0.517364,0.103088
2191.0000,1098.976068,1099.245059,0.426110,-0.423120,-0.433472,0.073381
2192.0000,1098.603372,1098.856636,0.493216,-0.319545,-0.347994,0.055496
2193.0000,1098.322065,1098.565122,0.531886,-0.245104,-0.244064,0.034604
2194.0000,1098.126865,1098.358462,0.561224,-0.153274,-0.166181,0.023634
2195.0000,1098.013209,1098.237959,0.590815,-0.073165,-0.071330,0.027605
2196.0000,1097.990410,1098.212629,0.618859,0.032279,0.022387,0.017522
2197.0000,1098.067223,1098.277216,0.632485,0.121525,0.117562,0.015168
2198.0000,1098.241341,1098.437943,0.640467,0.226639,0.207277,0.006470
2199.0000,1098.513454,1098.696176,0.635863,0.314674,0.311348,-0.008018
2200.0000,1098.876725,1099.062324,0.636475,0.406680,0.408389,0.005491
2201.0000,1099.335180,1099.523003,0.642041,0.501919,0.506395,-0.002232
2202.0000,1099.877887,1100.068381,0.645716,0.577224,0.583662,0.003436
2203.0000,1100.503137,1100.698918,0.654919,0.682396,0.681233,0.005807
2204.0000,1101.233294,1101.424063,0.665186,0.779717,0.768061,0.015259
2205.0000,1102.057157,1102.238422,0.671552,0.877136,0.868405,-0.000597
2206.0000,1102.984570,1103.151924,0.671539,0.969293,0.957270,-0.009484
2207.0000,1103.995536,1104.159695,0.654782,1.062308,1.059560,-0.021779
2208.0000,1105.103696,1105.262573,0.630913,1.154159,1.161865,-0.027444
2209.0000,1106.300826,1106.470957,0.600279,1.240422,1.248926,-0.028805
2210.0000,1107.581824,1107.762838,0.557340,1.323734,1.330638,-0.048782
2211.0000,1108.957316,1109.140729,0.493923,1.420960,1.427614,-0.079773
2212.0000,1110.419403,1110.610715,0.402532,1.504760,1.515729,-0.105759
2213.0000,1111.970197,1112.163292,0.286400,1.594491,1.596652,-0.122711
2214.0000,1113.605636,1113.799979,0.144700,1.686075,1.677234,-0.157891
2215.0000,1115.330084,1115.522611,-0.027964,1.761084,1.770465,-0.196608
2216.0000,1117.145909,1117.334358,-0.248729,1.866267,1.851939,-0.238346
2217.0000,1119.045217,1119.233084,-0.511357,1.937454,1.936793,-0.299577
2218.0000,1121.023347,1121.214150,-0.841190,2.012756,2.020920,-0.354776
2219.0000,1123.082963,1123.275649,-1.228871,2.100332,2.105243,-0.417487
2220.0000,1125.227681,1125.415974,-1.676817,2.180813,2.176345,-0.484597
2221.0000,1127.451006,1127.636733,-2.195365,2.264618,2.265619,-0.560194
2222.0000,1129.752623,1129.941706,-2.796914,2.341925,2.339153,-0.645969
2223.0000,1132.122141,1132.317446,-3.480651,2.406847,2.409321,-0.722880
2224.0000,1134.563694,1134.763169,-4.251259,2.471891,2.473409,-0.823400
2225.0000,1137.077476,1137.279801,-5.133134,2.556461,2.560603,-0.932290
2226.0000,1139.666241,1139.875683,-6.119764,2.629956,2.627892,-1.029640
2227.0000,1142.328443,1142.533785,-7.206479,2.692221,2.693798,-1.147749
2228.0000,1145.054603,1145.244327,-8.418987,2.755042,2.746106,-1.272173
2229.0000,1147.839016,1148.022719,-9.752717,2.820609,2.809542,-1.406304
2230.0000,1150.691492,1150.858611,-11.232048,2.880125,2.869552,-1.544402
2231.0000,1153.599765,1153.756535,-12.845512,2.924341,2.924258,-1.685448
2232.0000,1156.548822,1156.708192,-14.590055,2.983375,2.977530,-1.817080
2233.0000,1159.556559,1159.720641,-16.488487,3.035528,3.038901,-1.974541
2234.0000,1162.615242,1162.783586,-18.532094,3.073183,3.089393,-2.111267
2235.0000,1165.713661,1165.894888,-20.723317,3.127022,3.129866,-2.271984
2236.0000,1168.857176,1169.045808,-23.073310,3.163559,3.173345,-2.435030
2237.0000,1172.053278,1172.236658,-25.589168,3.218236,3.207445,-2.599851
2238.0000,1175.291020,1175.459454,-28.268904,3.265189,3.236787,-2.765120
2239.0000,1178.570399,1178.713631,-31.122618,3.303882,3.274226,-2.939290
2240.0000,1181.883138,1182.005489,-34.139556,3.330249,3.309232,-3.107141
2241.0000,1185.224565,1185.343022,-37.337758,3.349598,3.366506,-3.291356
2242.0000,1188.590129,1188.713800,-40.708816,3.377531,3.379874,-3.449677
2243.0000,1191.974773,1192.095063,-44.248396,3.398411,3.395809,-3.635693
2244.0000,1195.384414,1195.506588,-47.974433,3.418545,3.420932,-3.826261
2245.0000,1198.813511,1198.930989,-51.883620,3.439335,3.436258,-3.993551
2246.0000,1202.265313,1202.377032,-55.963220,3.459440,3.462448,-4.164817
2247.0000,1205.736535,1205.848093,-60.213821,3.474098,3.474752,-4.325973
2248.0000,1209.217506,1209.331809,-64.629418,3.477748,3.486281,-4.502933
2249.0000,1212.704534,1212.823765,-69.226075,3.498322,3.490964,-4.686020
2250.0000,1216.208465,1216.314716,-73.989134,3.505877,3.483732,-4.845144
2251.0000,1219.714130,1219.805296,-78.914147,3.506493,3.493381,-5.005035
2252.0000,1223.210842,1223.303070,-83.991729,3.488597,3.498428,-5.148983
2253.0000,1226.694791,1226.795073,-89.212223,3.491869,3.494406,-5.292835
2254.0000,1230.175267,1230.282137,-94.577610,3.478320,3.484688,-5.446182
2255.0000,1233.657476,1233.760094,-100.096195,3.487402,3.475223,-5.580255
2256.0000,1237.139683,1237.229390,-105.746679,3.468016,3.458915,-5.724063
2257.0000,1240.595970,1240.676286,-111.526083,3.454186,3.442536,-5.833864
2258.0000,1244.040655,1244.114004,-117.407881,3.439332,3.429238,-5.928683
2259.0000,1247.459436,1247.535232,-123.392256,3.409330,3.414358,-6.041370
2260.0000,1250.858794,1250.945002,-129.483421,3.375068,3.397384,-6.134680
2261.0000,1254.227630,1254.321255,-135.664550,3.361766,3.354108,-6.221751
2262.0000,1257.564038,1257.661079,-141.927658,3.318052,3.316206,-6.295441
2263.0000,1260.873265,1260.966964,-148.248960,3.293584,3.293017,-6.353894
2264.0000,1264.146783,1264.246472,-154.624697,3.260358,3.261281,-6.404564
2265.0000,1267.379488,1267.483369,-161.053382,3.209481,3.206792,-6.446852
2266.0000,1270.572984,1270.672283,-167.515422,3.169387,3.172006,-6.468942
2267.0000,1273.717689,1273.822711,-173.990869,3.117541,3.132008,-6.485542
2268.0000,1276.821276,1276.921769,-180.480412,3.090645,3.075252,-6.491469
2269.0000,1279.881893,1279.969796,-186.973671,3.029669,3.026612,-6.486386
2270.0000,1282.893726,1282.968772,-193.443639,2.986286,2.972477,-6.449882
2271.0000,1285.855323,1285.924093,-199.876084,2.926953,2.928776,-6.428669
2272.0000,1288.753631,1288.830424,-206.276733,2.871420,2.879606,-6.372009
2273.0000,1291.597714,1291.683793,-212.618618,2.814732,2.826364,-6.307892
2274.0000,1294.382581,1294.474587,-218.891493,2.752832,2.763508,-6.229594
2275.0000,1297.096399,1297.203702,-225.071218,2.683734,2.687704,-6.131539
2276.0000,1299.752442,1299.861912,-231.153125,2.616452,2.623239,-6.027133
2277.0000,1302.335744,1302.451820,-237.125024,2.541178,2.553991,-5.904630
2278.0000,1304.851920,1304.968718,-242.974522,2.483820,2.482956,-5.783735
2279.0000,1307.297555,1307.417616,-248.682677,2.406036,2.405053,-5.630873
2280.0000,1309.659781,1309.785140,-254.239433,2.334851,2.333082,-5.482910
2281.0000,1311.959848,1312.082542,-259.637872,2.267317,2.257693,-5.310124
2282.0000,1314.185980,1314.303791,-264.858342,2.178607,2.177271,-5.125294
2283.0000,1316.329969,1316.446430,-269.891686,2.108749,2.096585,-4.935076
2284.0000,1318.397634,1318.516580,-274.723830,2.029213,2.040668,-4.720418
2285.0000,1320.380408,1320.508083,-279.344248,1.938632,1.946907,-4.513138
2286.0000,1322.288566,1322.410795,-283.747756,1.868135,1.865410,-4.285978
2287.0000,1324.107830,1324.239617,-287.913899,1.768492,1.782657,-4.045681
2288.0000,1325.833363,1325.986443,-291.839706,1.685372,1.701195,-3.802559
2289.0000,1327.478790,1327.646973,-295.524865,1.601890,1.615929,-3.562767
2290.0000,1329.032033,1329.212242,-298.955335,1.510283,1.514945,-3.288399
2291.0000,1330.498308,1330.675922,-302.107201,1.423679,1.421704,-3.012908
2292.0000,1331.879420,1332.053697,-304.981631,1.341435,1.326981,-2.726850
2293.0000,1333.171168,1333.344955,-307.569825,1.235401,1.244801,-2.435118
2294.0000,1334.368172,1334.543681,-309.865245,1.150997,1.154713,-2.148499
2295.0000,1335.479482,1335.647658,-311.868501,1.068718,1.060347,-1.859356
2296.0000,1336.502295,1336.657955,-313.577519,0.967076,0.960242,-1.560425
2297.0000,1337.428333,1337.578940,-314.986732,0.878424,0.868620,-1.251346
2298.0000,1338.254540,1338.395197,-316.079138,0.778534,0.763428,-0.943581
2299.0000,1338.990205,1339.116297,-316.868809,0.688978,0.680629,-0.628124
2300.0000,1339.630374,1339.746534,-317.346040,0.607086,0.581605,-0.310131
2301.0000,1340.188202,1340.282808,-317.507864,0.503242,0.494541,-0.003977
2302.0000,1340.646748,1340.732689,-317.354208,0.402182,0.409582,0.309880
2303.0000,1340.999242,1341.088458,-316.889256,0.308452,0.299144,0.624008
2304.0000,1341.266365,1341.346336,-316.112089,0.220875,0.207750,0.927638
2305.0000,1341.442493,1341.510360,-315.017527,0.134340,0.110248,1.257975
2306.0000,1341.528417,1341.577842,-313.609660,0.043090,0.024571,1.568083
2307.0000,1341.524512,1341.556621,-311.900607,-0.061325,-0.063640,1.852582
2308.0000,1341.415663,1341.444131,-309.893367,-0.159922,-0.153636,2.158047
2309.0000,1341.211289,1341.247213,-307.587907,-0.251872,-0.242993,2.452439
2310.0000,1340.926815,1340.953701,-304.997120,-0.328633,-0.348226,2.731798
2311.0000,1340.542340,1340.561524,-302.125529,-0.429910,-0.438645,3.008819
2312.0000,1340.070934,1340.077204,-298.977668,-0.521430,-0.527910,3.285626
2313.0000,1339.507053,1339.511270,-295.562968,-0.613273,-0.608109,3.551849
2314.0000,1338.854611,1338.859165,-291.887852,-0.684231,-0.698838,3.803338
2315.0000,1338.129015,1338.121203,-287.962328,-0.773259,-0.780899,4.052551
2316.0000,1337.316612,1337.302446,-283.798864,-0.856508,-0.859251,4.282098
2317.0000,1336.415605,1336.398637,-279.403409,-0.945006,-0.947167,4.508979
2318.0000,1335.431605,1335.410127,-274.786778,-1.019427,-1.031383,4.731559
2319.0000,1334.371560,1334.339566,-269.952391,-1.108339,-1.110712,4.930685
2320.0000,1333.227734,1333.187475,-264.919499,-1.178296,-1.189992,5.127452
2321.0000,1332.004246,1331.955399,-259.698652,-1.261635,-1.272825,5.305895
2322.0000,1330.710739,1330.649205,-254.310523,-1.333259,-1.345594,5.475817
2323.0000,1329.332331,1329.264559,-248.754104,-1.410347,-1.420455,5.634767
2324.0000,1327.893667,1327.808276,-243.046256,-1.476865,-1.496950,5.777845
2325.0000,1326.379169,1326.281168,-237.196247,-1.556662,-1.564162,5.919684
2326.0000,1324.794575,1324.688478,-231.224287,-1.609339,-1.624668,6.034466
2327.0000,1323.146493,1323.029788,-225.142677,-1.685546,-1.689578,6.127851
2328.0000,1321.432832,1321.317019,-218.966483,-1.745610,-1.740678,6.220992
2329.0000,1319.657424,1319.549313,-212.705898,-1.807762,-1.794518,6.297152
2330.0000,1317.815429,1317.720001,-206.372863,-1.866729,-1.871748,6.362105
2331.0000,1315.921524,1315.822138,-199.978200,-1.915033,-1.925158,6.417562
2332.0000,1313.978733,1313.873761,-193.535576,-1.971315,-1.973829,6.467065
2333.0000,1311.984394,1311.872874,-187.055693,-2.019525,-2.027029,6.485108
2334.0000,1309.942114,1309.819830,-180.568124,-2.071691,-2.076182,6.495107
2335.0000,1307.838822,1307.721071,-174.072030,-2.125677,-2.125886,6.482818
2336.0000,1305.694815,1305.572012,-167.592947,-2.164200,-2.174674,6.467279
2337.0000,1303.501855,1303.375558,-161.136651,-2.219322,-2.210133,6.435462
2338.0000,1301.262429,1301.145043,-154.710307,-2.256602,-2.246922,6.406034
2339.0000,1298.990483,1298.868702,-148.326395,-2.300827,-2.300871,6.358810
2340.0000,1296.672306,1296.558403,-142.002299,-2.328810,-2.320746,6.292533
2341.0000,1294.331759,1294.217779,-135.740375,-2.348221,-2.356667,6.232985
2342.0000,1291.970964,1291.846674,-129.548738,-2.376939,-2.384670,6.146054
2343.0000,1289.582329,1289.450948,-123.453486,-2.397781,-2.407700,6.035247
2344.0000,1287.177930,1287.045388,-117.464003,-2.419995,-2.411984,5.936867
2345.0000,1284.741524,1284.620966,-111.579934,-2.447812,-2.428087,5.818520
2346.0000,1282.288270,1282.180084,-105.817007,-2.454890,-2.452216,5.704507
2347.0000,1279.824811,1279.721745,-100.173357,-2.475884,-2.470480,5.573824
2348.0000,1277.340831,1277.240622,-94.665255,-2.486465,-2.486157,5.431520
2349.0000,1274.849487,1274.751828,-89.301472,-2.488504,-2.489629,5.290801
2350.0000,1272.357996,1272.260333,-84.074772,-2.495417,-2.487329,5.157563
2351.0000,1269.860674,1269.773976,-78.997323,-2.501853,-2.485941,5.000220
2352.0000,1267.358048,1267.296330,-74.070358,-2.495416,-2.475334,4.840743
2353.0000,1264.864859,1264.814099,-69.309529,-2.492006,-2.489414,4.672953
2354.0000,1262.375647,1262.328494,-64.720580,-2.479833,-2.491427,4.508072
2355.0000,1259.895399,1259.837788,-60.292761,-2.480591,-2.481403,4.339791
2356.0000,1257.418554,1257.367762,-56.039722,-2.467415,-2.455562,4.167167
2357.0000,1254.963754,1254.919962,-51.955870,-2.446062,-2.437141,3.996775
2358.0000,1252.525553,1252.488733,-48.045796,-2.427352,-2.416112,3.827213
2359.0000,1250.104501,1250.079600,-44.311125,-2.409118,-2.403859,3.648120
2360.0000,1247.702749,1247.690038,-40.747651,-2.391605,-2.373982,3.469825
2361.0000,1245.328303,1245.324813,-37.368414,-2.357408,-2.353240,3.284033
2362.0000,1242.982015,1242.987638,-34.169200,-2.329212,-2.322136,3.109491
2363.0000,1240.671833,1240.682147,-31.137238,-2.299009,-2.290225,2.942844
2364.0000,1238.388968,1238.416006,-28.282021,-2.263576,-2.258518,2.769081
2365.0000,1236.148154,1236.176190,-25.598313,-2.220222,-2.219145,2.591748
2366.0000,1233.944926,1233.974937,-23.085277,-2.172455,-2.179375,2.429326
2367.0000,1231.796352,1231.823177,-20.730368,-2.125615,-2.120408,2.279761
2368.0000,1229.689561,1229.718238,-18.537514,-2.089456,-2.087558,2.116774
2369.0000,1227.629028,1227.660486,-16.499351,-2.029539,-2.031377,1.963217
2370.0000,1225.629432,1225.651641,-14.613046,-1.968341,-1.981872,1.812152
2371.0000,1223.682137,1223.695963,-12.872190,-1.929516,-1.924844,1.659236
2372.0000,1221.782946,1221.808430,-11.279925,-1.876801,-1.856819,1.525827
2373.0000,1219.938537,1219.980403,-9.814677,-1.811098,-1.796272,1.393558
2374.0000,1218.159067,1218.207448,-8.478995,-1.744248,-1.740382,1.276686
2375.0000,1216.444257,1216.492750,-7.255106,-1.685030,-1.686155,1.162042
2376.0000,1214.791763,1214.838322,-6.146737,-1.626363,-1.616847,1.048216
2377.0000,1213.203028,1213.252066,-5.155238,-1.548624,-1.553956,0.939635
2378.0000,1211.692424,1211.732389,-4.268375,-1.477759,-1.487638,0.835548
2379.0000,1210.248842,1210.286398,-3.486218,-1.411333,-1.411178,0.738988
2380.0000,1208.878406,1208.913018,-2.789486,-1.340158,-1.329703,0.649979
2381.0000,1207.574838,1207.612560,-2.183557,-1.262008,-1.262406,0.567788
2382.0000,1206.351482,1206.393349,-1.649579,-1.184162,-1.176981,0.494199
2383.0000,1205.198481,1205.247170,-1.189105,-1.119614,-1.113989,0.419404
2384.0000,1204.129224,1204.176556,-0.798725,-1.029120,-1.028477,0.358382
2385.0000,1203.140027,1203.201043,-0.463717,-0.942904,-0.923288,0.302748
2386.0000,1202.237630,1202.315346,-0.188004,-0.862073,-0.840316,0.250908
2387.0000,1201.416415,1201.511416,0.038595,-0.779887,-0.767115,0.207269
2388.0000,1200.680435,1200.787398,0.228906,-0.682782,-0.684195,0.167362
2389.0000,1200.043599,1200.144383,0.373464,-0.591039,-0.608451,0.132089
2390.0000,1199.495088,1199.579895,0.490726,-0.509349,-0.513514,0.091762
2391.0000,1199.029359,1199.110870,0.573680,-0.424063,-0.422322,0.074593
2392.0000,1198.648312,1198.733283,0.644227,-0.336021,-0.333408,0.060982
2393.0000,1198.350257,1198.436634,0.696592,-0.250326,-0.249955,0.046220
2394.0000,1198.145958,1198.239072,0.731264,-0.158810,-0.149243,0.027146
2395.0000,1198.039580,1198.130969,0.751553,-0.054387,-0.062032,0.006582
2396.0000,1198.023468,1198.105267,0.756960,0.033350,0.018769,0.013923
2397.0000,1198.103107,1198.181665,0.762696,0.119807,0.133698,-0.000517
2398.0000,1198.270835,1198.353068,0.756952,0.210804,0.220011,-0.008894
2399.0000,1198.528116,1198.618580,0.756425,0.306607,0.316248,0.001303
2400.0000,1198.880975,1198.977235,0.750850,0.402011,0.406121,-0.011328
2401.0000,1199.322208,1199.432944,0.742239,0.491269,0.503683,-0.014852
2402.0000,1199.869400,1199.973836,0.732415,0.600483,0.586504,-0.013091
2403.0000,1200.517934,1200.607428,0.725332,0.693346,0.682514,-0.005808
2404.0000,1201.256243,1201.328293,0.716576,0.788665,0.773460,-0.010242
2405.0000,1202.086284,1202.144781,0.708945,0.879977,0.856606,-0.011731
2406.0000,1203.015585,1203.059183,0.701627,0.979405,0.971194,-0.012193
2407.0000,1204.040066,1204.074206,0.691896,1.064745,1.059634,-0.017586
2408.0000,1205.149871,1205.180487,0.665355,1.159248,1.150375,-0.034495
2409.0000,1206.350493,1206.378364,0.624541,1.248251,1.246920,-0.045343
2410.0000,1207.648049,1207.668706,0.576370,1.339013,1.330240,-0.061875
2411.0000,1209.028382,1209.048666,0.510475,1.422854,1.426243,-0.071553
2412.0000,1210.499016,1210.522839,0.431754,1.510321,1.518113,-0.097567
2413.0000,1212.056601,1212.083489,0.319582,1.597448,1.597130,-0.131498
2414.0000,1213.702369,1213.727855,0.170092,1.688325,1.688145,-0.165588
2415.0000,1215.432883,1215.456255,-0.015983,1.782954,1.765459,-0.198058
2416.0000,1217.250085,1217.268449,-0.238085,1.856012,1.855022,-0.254879
2417.0000,1219.144450,1219.163841,-0.517446,1.942311,1.939728,-0.300204
2418.0000,1221.125152,1221.137747,-0.845743,2.013073,2.011853,-0.360459
2419.0000,1223.176821,1223.191275,-1.235446,2.099769,2.097060,-0.417968
2420.0000,1225.314545,1225.333638,-1.695276,2.180380,2.186223,-0.495426
2421.0000,1227.531868,1227.558720,-2.226049,2.262766,2.260883,-0.571905
2422.0000,1229.835387,1229.850687,-2.834185,2.335932,2.337034,-0.652340
2423.0000,1232.201672,1232.222281,-3.523460,2.401612,2.401912,-0.731728
2424.0000,1234.644780,1234.662110,-4.296065,2.477203,2.483641,-0.822012
2425.0000,1237.156890,1237.183670,-5.180255,2.552952,2.551245,-0.928029
2426.0000,1239.744681,1239.765156,-6.161023,2.622459,2.612961,-1.031129
2427.0000,1242.398447,1242.411122,-7.248156,2.686992,2.681313,-1.141574
2428.0000,1245.117671,1245.124952,-8.450829,2.745290,2.746699,-1.264609
2429.0000,1247.903355,1247.903361,-9.772020,2.816231,2.817629,-1.377438
2430.0000,1250.740688,1250.750232,-11.225649,2.863956,2.875878,-1.528482
2431.0000,1253.632805,1253.644909,-12.823758,2.917438,2.921096,-1.668348
2432.0000,1256.569260,1256.601588,-14.563412,2.962777,2.985335,-1.809163
2433.0000,1259.563238,1259.613037,-16.450957,3.026560,3.036617,-1.967192
2434.0000,1262.616236,1262.675939,-18.498163,3.079450,3.087103,-2.119826
2435.0000,1265.715838,1265.793332,-20.690440,3.124159,3.147441,-2.276519
2436.0000,1268.856095,1268.959231,-23.046934,3.157802,3.176326,-2.439350
2437.0000,1272.041573,1272.159165,-25.562127,3.205047,3.217881,-2.594463
2438.0000,1275.264519,1275.398372,-28.245392,3.242769,3.256656,-2.765704
2439.0000,1278.531423,1278.660564,-31.097648,3.279723,3.277020,-2.945480
2440.0000,1281.829568,1281.959994,-34.126170,3.314076,3.319216,-3.116013
2441.0000,1285.164109,1285.292193,-37.329247,3.350391,3.349775,-3.289458
2442.0000,1288.529318,1288.654932,-40.708086,3.370408,3.375420,-3.468132
2443.0000,1291.914201,1292.038456,-44.261067,3.400505,3.392080,-3.639614
2444.0000,1295.327466,1295.441936,-47.987572,3.421623,3.426879,-3.815242
2445.0000,1298.764052,1298.881873,-51.882118,3.448211,3.450947,-3.983748
2446.0000,1302.223206,1302.336401,-55.962192,3.467042,3.460409,-4.175881
2447.0000,1305.695192,1305.806069,-60.217374,3.480458,3.476392,-4.335086
2448.0000,1309.177311,1309.284475,-64.646428,3.491590,3.480946,-4.514337
2449.0000,1312.676412,1312.766392,-69.238751,3.502383,3.487681,-4.668717
2450.0000,1316.177588,1316.265782,-73.992676,3.508188,3.505913,-4.837588
2451.0000,1319.684618,1319.764007,-78.903773,3.509872,3.491917,-4.989477
2452.0000,1323.187950,1323.261813,-83.978127,3.502134,3.502670,-5.153280
2453.0000,1326.688168,1326.763184,-89.211442,3.487499,3.502351,-5.304320
2454.0000,1330.179473,1330.266143,-94.582005,3.491587,3.492701,-5.436330
2455.0000,1333.661657,1333.745839,-100.089160,3.469990,3.470254,-5.573812
2456.0000,1337.130003,1337.213702,-105.733545,3.454440,3.462439,-5.712637
2457.0000,1340.573113,1340.672299,-111.500398,3.439319,3.452222,-5.828059
2458.0000,1344.001192,1344.113746,-117.382584,3.412662,3.427663,-5.939512
2459.0000,1347.406424,1347.529493,-123.373990,3.399958,3.400282,-6.045038
2460.0000,1350.790862,1350.919249,-129.466421,3.378485,3.391514,-6.145911
2461.0000,1354.152735,1354.299979,-135.653111,3.343825,3.373908,-6.226338
2462.0000,1357.481554,1357.649576,-141.913268,3.314517,3.323910,-6.292614
2463.0000,1360.782729,1360.950506,-148.238730,3.285044,3.289450,-6.357098
2464.0000,1364.049190,1364.218541,-154.618237,3.255713,3.255644,-6.399884
2465.0000,1367.272997,1367.447163,-161.038272,3.195192,3.203496,-6.438824
2466.0000,1370.455179,1370.636808,-167.497195,3.171464,3.165877,-6.477868
2467.0000,1373.610672,1373.783331,-173.975609,3.126319,3.126522,-6.482874
2468.0000,1376.706721,1376.890560,-180.454847,3.066092,3.075949,-6.479439
2469.0000,1379.752588,1379.935121,-186.937585,3.022065,3.020585,-6.480251
2470.0000,1382.755789,1382.937212,-193.407082,2.976381,2.980428,-6.453762
2471.0000,1385.710005,1385.891554,-199.843593,2.926478,2.924484,-6.409270
2472.0000,1388.608996,1388.790508,-206.230817,2.866140,2.873701,-6.359222
2473.0000,1391.445808,1391.634472,-212.560793,2.810745,2.813556,-6.294955
2474.0000,1394.218317,1394.413746,-218.823255,2.741952,2.753446,-6.229643
2475.0000,1396.932123,1397.133909,-225.007150,2.682624,2.686954,-6.127651
2476.0000,1399.584962,1399.783625,-231.086368,2.617259,2.617442,-6.024467
2477.0000,1402.168876,1402.362244,-237.053189,2.552142,2.546585,-5.901708
2478.0000,1404.681680,1404.874165,-242.894342,2.476481,2.478690,-5.776452
2479.0000,1407.125407,1407.314912,-248.603151,2.413729,2.408471,-5.639592
2480.0000,1409.498175,1409.688917,-254.166177,2.328661,2.333704,-5.478744
2481.0000,1411.787087,1411.983777,-259.566216,2.246816,2.255782,-5.314697
2482.0000,1413.996997,1414.209308,-264.788805,2.176812,2.188849,-5.136234
2483.0000,1416.141129,1416.359866,-269.830018,2.104619,2.110824,-4.947515
2484.0000,1418.206439,1418.426273,-274.669006,2.019517,2.026710,-4.724771
2485.0000,1420.184217,1420.414090,-279.286486,1.940206,1.950719,-4.506735
2486.0000,1422.082452,1422.323615,-283.681946,1.852505,1.865056,-4.276989
2487.0000,1423.901619,1424.142115,-287.842499,1.778852,1.773034,-4.037024
2488.0000,1425.640559,1425.873749,-291.768028,1.699609,1.689955,-3.806517
2489.0000,1427.292074,1427.527449,-295.448479,1.603535,1.606832,-3.550156
2490.0000,1428.860112,1429.086919,-298.866682,1.528726,1.504316,-3.281148
2491.0000,1430.340923,1430.552039,-302.022730,1.429381,1.429210,-3.013233
2492.0000,1431.727696,1431.937094,-304.889615,1.347419,1.341500,-2.725275
2493.0000,1433.019221,1433.234676,-307.479027,1.234650,1.250600,-2.435367
2494.0000,1434.214102,1434.450317,-309.766470,1.151103,1.175871,-2.136752
2495.0000,1435.316036,1435.568295,-311.766502,1.059035,1.064839,-1.852317
2496.0000,1436.342334,1436.582690,-313.472275,0.977123,0.958146,-1.552767
2497.0000,1437.268298,1437.497175,-314.875819,0.871590,0.869466,-1.251444
2498.0000,1438.096541,1438.323179,-315.980429,0.779744,0.780636,-0.950209
2499.0000,1438.825701,1439.057406,-316.766124,0.679019,0.686358,-0.626048
2500.0000,1439.460831,1439.697475,-317.233613,0.586178,0.589136,-0.311466
2501.0000,1440.003542,1440.247410,-317.392511,0.494026,0.508286,-0.003133
2502.0000,1440.452228,1440.706426,-317.236002,0.404626,0.409941,0.313337
2503.0000,1440.804362,1441.062383,-316.774938,0.307796,0.310191,0.623064
2504.0000,1441.063707,1441.327331,-315.990792,0.213475,0.227794,0.944358
2505.0000,1441.233335,1441.501876,-314.889444,0.123228,0.119814,1.262793
2506.0000,1441.315021,1441.571055,-313.480956,0.034636,0.016434,1.544271
2507.0000,1441.300865,1441.554003,-311.784075,-0.057142,-0.060414,1.841741
2508.0000,1441.193572,1441.443444,-309.795207,-0.149385,-0.151713,2.142273
2509.0000,1441.001300,1441.246138,-307.503713,-0.238478,-0.238577,2.435326
2510.0000,1440.707075,1440.956060,-304.928235,-0.343534,-0.339214,2.726363
2511.0000,1440.315257,1440.568766,-302.071668,-0.433841,-0.432448,2.999210
2512.0000,1439.833040,1440.090456,-298.930536,-0.520315,-0.516749,3.282670
2513.0000,1439.272759,1439.529299,-295.515106,-0.603810,-0.610713,3.556093
2514.0000,1438.622589,1438.866632,-291.827090,-0.690778,-0.701171,3.815371
2515.0000,1437.887040,1438.119227,-287.905142,-0.778398,-0.789584,4.046388
2516.0000,1437.065799,1437.300113,-283.742157,-0.869758,-0.860113,4.285317
2517.0000,1436.156960,1436.390218,-279.345508,-0.944977,-0.945840,4.510942
2518.0000,1435.166669,1435.408899,-274.725092,-1.029696,-1.020888,4.728689
2519.0000,1434.102918,1434.338293,-269.895171,-1.107740,-1.113782,4.938836
2520.0000,1432.948117,1433.185909,-264.860526,-1.191950,-1.188022,5.128422
2521.0000,1431.723580,1431.962865,-259.643890,-1.267849,-1.266223,5.297868
2522.0000,1430.421085,1430.656979,-254.252418,-1.345181,-1.345050,5.473738
2523.0000,1429.029744,1429.272285,-248.704248,-1.423204,-1.415838,5.631071
2524.0000,1427.569350,1427.822458,-242.999822,-1.502263,-1.479669,5.775543
2525.0000,1426.036771,1426.303345,-237.162538,-1.563442,-1.559419,5.895670
2526.0000,1424.440545,1424.710101,-231.199409,-1.630738,-1.627190,6.018695
2527.0000,1422.785986,1423.055547,-225.126112,-1.682682,-1.683729,6.133416
2528.0000,1421.071674,1421.338363,-218.951883,-1.736222,-1.745760,6.216544
2529.0000,1419.302012,1419.560574,-212.686248,-1.803295,-1.811092,6.311677
2530.0000,1417.467552,1417.720370,-206.345061,-1.866495,-1.878583,6.369454
2531.0000,1415.574607,1415.816006,-199.952853,-1.925662,-1.922991,6.415320
2532.0000,1413.621964,1413.866757,-193.514924,-1.987000,-1.974784,6.458094
2533.0000,1411.603749,1411.863237,-187.041843,-2.046517,-2.020622,6.481184
2534.0000,1409.543407,1409.808828,-180.556601,-2.081565,-2.080827,6.484431
2535.0000,1407.440835,1407.706304,-174.074987,-2.128931,-2.119727,6.474872
2536.0000,1405.292549,1405.561477,-167.605554,-2.177902,-2.172167,6.463202
2537.0000,1403.103296,1403.362280,-161.159312,-2.210057,-2.219510,6.429997
2538.0000,1400.873820,1401.126145,-154.741277,-2.251005,-2.259878,6.398044
2539.0000,1398.611064,1398.852990,-148.366259,-2.277531,-2.285143,6.356079
2540.0000,1396.314063,1396.557897,-142.039591,-2.319828,-2.308342,6.298120
2541.0000,1393.984411,1394.229734,-135.775934,-2.348682,-2.344780,6.217118
2542.0000,1391.616573,1391.860610,-129.604645,-2.384127,-2.385670,6.126422
2543.0000,1389.215245,1389.466803,-123.525512,-2.407014,-2.409324,6.029353
2544.0000,1386.795958,1387.050841,-117.542263,-2.436477,-2.426764,5.929515
2545.0000,1384.357477,1384.616541,-111.652690,-2.441027,-2.438582,5.829708
2546.0000,1381.907534,1382.167798,-105.871339,-2.459151,-2.450452,5.715787
2547.0000,1379.438079,1379.705534,-100.220961,-2.478938,-2.472988,5.584481
2548.0000,1376.957119,1377.230202,-94.698536,-2.477121,-2.473012,5.447006
2549.0000,1374.474579,1374.747788,-89.321851,-2.487678,-2.483957,5.299273
2550.0000,1371.983457,1372.260909,-84.093102,-2.506418,-2.493095,5.159295
2551.0000,1369.479839,1369.764858,-79.006186,-2.495461,-2.495611,5.013181
2552.0000,1366.987634,1367.267609,-74.088393,-2.494775,-2.499576,4.834785
2553.0000,1364.492937,1364.776297,-69.330298,-2.499110,-2.491868,4.673241
2554.0000,1361.996995,1362.285787,-64.743909,-2.484958,-2.491008,4.501044
2555.0000,1359.515553,1359.802447,-60.320867,-2.483509,-2.469766,4.340384
2556.0000,1357.050633,1357.334940,-56.068176,-2.456686,-2.469285,4.151295
2557.0000,1354.608076,1354.875729,-52.002324,-2.435667,-2.455481,3.981732
2558.0000,1352.172581,1352.432926,-48.103872,-2.433928,-2.428831,3.808150
2559.0000,1349.751219,1350.013474,-44.381448,-2.408728,-2.413312,3.626077
2560.0000,1347.354782,1347.609771,-40.836908,-2.385697,-2.392354,3.463748
2561.0000,1344.981981,1345.232785,-37.460242,-2.350855,-2.362580,3.285508
2562.0000,1342.651610,1342.883547,-34.261475,-2.313947,-2.330707,3.115099
2563.0000,1340.353985,1340.569723,-31.242844,-2.293303,-2.294457,2.925703
2564.0000,1338.083042,1338.291225,-28.394031,-2.260249,-2.259315,2.771508
2565.0000,1335.842411,1336.059330,-25.709784,-2.209065,-2.207775,2.608370
2566.0000,1333.649874,1333.876245,-23.178972,-2.169790,-2.163834,2.440845
2567.0000,1331.497307,1331.728826,-20.813363,-2.134481,-2.127904,2.285467
2568.0000,1329.388512,1329.621914,-18.611028,-2.083134,-2.080561,2.121582
2569.0000,1327.334932,1327.558684,-16.569719,-2.029226,-2.046248,1.962786
2570.0000,1325.331386,1325.543620,-14.680982,-1.965549,-1.992146,1.805301
2571.0000,1323.389183,1323.579284,-12.944710,-1.918190,-1.931933,1.669528
2572.0000,1321.502983,1321.673723,-11.344145,-1.856446,-1.873162,1.528442
2573.0000,1319.679636,1319.830176,-9.880150,-1.798682,-1.819670,1.403403
2574.0000,1317.904693,1318.039287,-8.544480,-1.749409,-1.756064,1.267668
2575.0000,1316.177997,1316.311371,-7.331527,-1.687485,-1.704385,1.147164
2576.0000,1314.526387,1314.646236,-6.236539,-1.620393,-1.630332,1.039529
2577.0000,1312.934655,1313.056196,-5.246508,-1.557329,-1.556738,0.935260
2578.0000,1311.411847,1311.534332,-4.361570,-1.486228,-1.486972,0.832285
2579.0000,1309.963640,1310.087072,-3.580298,-1.408036,-1.416080,0.734519
2580.0000,1308.588726,1308.718733,-2.895499,-1.339748,-1.331627,0.638971
2581.0000,1307.286455,1307.427831,-2.291279,-1.263096,-1.248111,0.572025
2582.0000,1306.063431,1306.215449,-1.763834,-1.191540,-1.163033,0.488733
2583.0000,1304.915243,1305.082252,-1.302655,-1.109544,-1.098007,0.429802
2584.0000,1303.838525,1304.022622,-0.907422,-1.030397,-1.018691,0.359984
2585.0000,1302.847377,1303.044007,-0.575880,-0.943237,-0.940245,0.302852
2586.0000,1301.945202,1302.146657,-0.295169,-0.863275,-0.861158,0.261471
2587.0000,1301.123432,1301.325495,-0.065179,-0.767692,-0.785717,0.199193
2588.0000,1300.399317,1300.580559,0.117642,-0.682835,-0.700114,0.162106
2589.0000,1299.757510,1299.921168,0.258751,-0.601065,-0.619932,0.123931
2590.0000,1299.197382,1299.352733,0.382593,-0.516946,-0.518375,0.111178
2591.0000,1298.721208,1298.876216,0.473043,-0.430285,-0.428896,0.079343
2592.0000,1298.344348,1298.491882,0.543640,-0.322551,-0.336840,0.062050
2593.0000,1298.060799,1298.204903,0.602986,-0.243864,-0.243853,0.056553
2594.0000,1297.867298,1298.010713,0.649150,-0.149729,-0.144318,0.030638
2595.0000,1297.774110,1297.908263,0.682265,-0.054370,-0.063469,0.025256
2596.0000,1297.761087,1297.895021,0.698500,0.035633,0.036057,0.004920
2597.0000,1297.843783,1297.971865,0.701352,0.133322,0.117439,-0.001590
2598.0000,1298.021909,1298.139677,0.708221,0.225204,0.216542,0.008042
2599.0000,1298.305091,1298.401830,0.713971,0.333814,0.299963,0.004627
2600.0000,1298.686375,1298.752367,0.718300,0.411765,0.405138,0.004645
2601.0000,1299.138646,1299.200054,0.719362,0.496031,0.495217,0.001745
2602.0000,1299.679074,1299.742592,0.719791,0.590642,0.586735,0.000065
2603.0000,1300.317959,1300.380730,0.710537,0.689417,0.691611,-0.015033
2604.0000,1301.056122,1301.119756,0.695341,0.781077,0.788274,-0.006429
2605.0000,1301.879951,1301.956660,0.688266,0.867240,0.876628,-0.010869
2606.0000,1302.802465,1302.885768,0.678755,0.974266,0.969196,-0.007860
2607.0000,1303.819222,1303.902261,0.664116,1.066909,1.063393,-0.014843
2608.0000,1304.933741,1305.010458,0.646073,1.156665,1.150226,-0.019861
2609.0000,1306.134710,1306.211445,0.616505,1.251209,1.245820,-0.039226
2610.0000,1307.434319,1307.504282,0.568092,1.346035,1.341618,-0.054318
2611.0000,1308.817040,1308.888207,0.508464,1.423913,1.425093,-0.067499
2612.0000,1310.291836,1310.356184,0.426922,1.522127,1.520274,-0.089706
2613.0000,1311.856624,1311.918326,0.317084,1.613834,1.604530,-0.123760
2614.0000,1313.501855,1313.570417,0.175304,1.691745,1.697857,-0.162914
2615.0000,1315.231509,1315.310881,-0.006220,1.772030,1.781127,-0.209721
2616.0000,1317.052941,1317.131912,-0.234400,1.869955,1.860806,-0.250896
2617.0000,1318.964367,1319.030318,-0.503612,1.947411,1.936199,-0.290994
2618.0000,1320.947621,1321.010950,-0.825399,2.024736,2.022891,-0.352257
2619.0000,1323.016901,1323.079360,-1.212611,2.113638,2.110056,-0.419470
2620.0000,1325.174518,1325.228940,-1.659303,2.190888,2.198246,-0.472726
2621.0000,1327.398239,1327.460952,-2.173389,2.264487,2.264067,-0.554159
2622.0000,1329.695135,1329.767312,-2.769340,2.332409,2.346949,-0.634193
2623.0000,1332.072317,1332.151062,-3.450571,2.424244,2.413035,-0.726470
2624.0000,1334.528378,1334.598099,-4.235122,2.493864,2.484806,-0.842531
2625.0000,1337.054824,1337.117688,-5.123961,2.557486,2.559386,-0.935336
2626.0000,1339.646034,1339.706980,-6.112299,2.623088,2.628429,-1.041826
2627.0000,1342.304108,1342.362865,-7.204242,2.685284,2.684922,-1.150874
2628.0000,1345.016383,1345.079674,-8.413394,2.743626,2.751988,-1.276605
2629.0000,1347.795500,1347.859040,-9.752076,2.813917,2.806772,-1.409453
2630.0000,1350.637988,1350.695503,-11.222857,2.866812,2.868776,-1.535391
2631.0000,1353.527206,1353.597760,-12.824581,2.908841,2.931326,-1.670035
2632.0000,1356.476894,1356.560149,-14.563444,2.981898,2.991874,-1.808060
2633.0000,1359.482885,1359.570335,-16.442829,3.033092,3.043058,-1.958431
2634.0000,1362.535107,1362.642896,-18.476845,3.070532,3.094553,-2.113894
2635.0000,1365.632815,1365.748472,-20.670163,3.121107,3.126908,-2.270275
2636.0000,1368.780140,1368.903430,-23.015972,3.173859,3.176669,-2.423689
2637.0000,1371.979847,1372.099921,-25.523818,3.226809,3.208557,-2.594845
2638.0000,1375.218261,1375.329801,-28.201998,3.253637,3.248534,-2.771070
2639.0000,1378.487333,1378.589848,-31.059184,3.288546,3.282145,-2.949917
2640.0000,1381.796225,1381.892868,-34.090688,3.324373,3.322975,-3.118988
2641.0000,1385.131112,1385.228165,-37.285601,3.344063,3.346863,-3.271146
2642.0000,1388.494453,1388.590097,-40.650142,3.376535,3.372762,-3.461569
2643.0000,1391.884500,1391.986321,-44.196589,3.399773,3.409623,-3.636912
2644.0000,1395.297633,1395.407104,-47.912314,3.425285,3.436854,-3.809032
2645.0000,1398.738071,1398.850903,-51.811008,3.452232,3.453013,-3.993548
2646.0000,1402.196865,1402.317494,-55.896938,3.467398,3.479142,-4.169316
2647.0000,1405.668885,1405.799885,-60.153848,3.466747,3.479967,-4.333330
2648.0000,1409.139787,1409.279224,-64.565766,3.474607,3.481387,-4.493111
2649.0000,1412.620975,1412.763846,-69.148003,3.488784,3.490137,-4.674466
2650.0000,1416.118053,1416.253897,-73.905107,3.497618,3.492503,-4.839223
2651.0000,1419.618450,1419.748043,-78.827441,3.493148,3.504348,-4.997733
2652.0000,1423.115612,1423.249864,-83.902766,3.499850,3.500872,-5.151074
2653.0000,1426.610300,1426.752751,-89.125669,3.499303,3.502427,-5.294934
2654.0000,1430.096540,1430.250958,-94.494802,3.473853,3.505928,-5.446545
2655.0000,1433.569679,1433.741556,-100.012136,3.473448,3.490465,-5.582307
2656.0000,1437.035872,1437.222344,-105.651974,3.460027,3.469539,-5.706214
2657.0000,1440.485452,1440.676315,-111.425277,3.448077,3.442562,-5.833182
2658.0000,1443.930497,1444.103706,-117.302488,3.440712,3.416319,-5.926282
2659.0000,1447.361166,1447.511648,-123.283956,3.405659,3.395798,-6.034784
2660.0000,1450.747895,1450.904174,-129.369834,3.377484,3.390733,-6.130920
2661.0000,1454.104477,1454.279714,-135.546295,3.346846,3.363513,-6.211537
2662.0000,1457.441234,1457.619975,-141.798233,3.321585,3.313600,-6.297839
2663.0000,1460.748157,1460.921198,-148.123550,3.281748,3.287403,-6.360250
2664.0000,1464.012648,1464.190148,-154.513926,3.244437,3.243217,-6.410241
2665.0000,1467.249135,1467.420098,-160.947485,3.218675,3.210581,-6.450163
2666.0000,1470.441897,1470.611946,-167.411758,3.176020,3.173182,-6.478243
2667.0000,1473.592203,1473.761213,-173.891687,3.122515,3.125614,-6.479626
2668.0000,1476.686806,1476.867698,-180.383100,3.066679,3.085013,-6.494140
2669.0000,1479.735731,1479.920958,-186.868324,3.037309,3.023025,-6.477610
2670.0000,1482.747075,1482.919850,-193.346048,2.986504,2.975508,-6.458262
2671.0000,1485.700553,1485.871918,-199.788659,2.927014,2.918276,-6.431881
2672.0000,1488.595208,1488.758817,-206.185292,2.867452,2.862152,-6.364796
2673.0000,1491.427257,1491.592110,-212.519512,2.800687,2.808233,-6.306340
2674.0000,1494.200901,1494.371227,-218.795957,2.743474,2.755518,-6.239448
2675.0000,1496.918090,1497.091895,-224.983750,2.689956,2.688759,-6.138075
2676.0000,1499.573397,1499.752711,-231.068242,2.616702,2.625442,-6.025395
2677.0000,1502.157734,1502.340566,-237.035452,2.548570,2.545288,-5.914552
2678.0000,1504.674926,1504.847030,-242.884797,2.473509,2.474155,-5.776285
2679.0000,1507.117723,1507.288948,-248.587427,2.411537,2.403199,-5.628098
2680.0000,1509.483979,1509.663915,-254.148733,2.322953,2.336298,-5.489379
2681.0000,1511.774557,1511.963166,-259.557430,2.257454,2.265861,-5.317971
2682.0000,1513.992029,1514.185805,-264.786614,2.183145,2.190540,-5.144367
2683.0000,1516.131688,1516.337870,-269.831533,2.098642,2.112654,-4.935279
2684.0000,1518.196833,1518.409287,-274.667310,2.030773,2.025439,-4.731556
2685.0000,1520.184158,1520.398085,-279.291830,1.938393,1.946756,-4.519145
2686.0000,1522.080907,1522.303493,-283.698133,1.864711,1.868185,-4.293566
2687.0000,1523.903083,1524.125408,-287.869994,1.773696,1.781299,-4.049542
2688.0000,1525.634050,1525.863336,-291.797116,1.691307,1.694856,-3.804169
2689.0000,1527.277940,1527.516646,-295.469857,1.594342,1.609379,-3.540180
2690.0000,1528.830653,1529.077365,-298.882324,1.513979,1.506795,-3.280777
2691.0000,1530.300850,1530.535455,-302.031199,1.424726,1.412722,-3.003646
2692.0000,1531.687932,1531.906751,-304.896537,1.337360,1.333013,-2.733031
2693.0000,1532.974433,1533.199406,-307.482759,1.238734,1.243421,-2.442180
2694.0000,1534.166804,1534.397509,-309.784497,1.149580,1.152898,-2.156188
2695.0000,1535.278501,1535.497671,-311.798045,1.074906,1.058052,-1.866582
2696.0000,1536.301834,1536.503566,-313.507363,0.976963,0.959119,-1.550348
2697.0000,1537.237673,1537.424683,-314.915464,0.879946,0.872369,-1.253469
2698.0000,1538.069325,1538.256665,-316.010613,0.787265,0.785971,-0.930304
2699.0000,1538.810097,1538.996192,-316.793394,0.687971,0.690168,-0.623700
2700.0000,1539.453446,1539.631936,-317.263823,0.599989,0.589690,-0.310614
2701.0000,1540.013200,1540.177700,-317.423615,0.518747,0.493798,-0.002687
2702.0000,1540.481242,1540.628422,-317.267826,0.414131,0.399013,0.314882
2703.0000,1540.848391,1540.979328,-316.790730,0.320201,0.305649,0.642478
2704.0000,1541.115708,1541.238470,-316.001006,0.218213,0.213813,0.939798
2705.0000,1541.291656,1541.409875,-314.902300,0.139145,0.119955,1.253626
2706.0000,1541.371753,1541.482911,-313.501822,0.026990,0.026644,1.558487
2707.0000,1541.355982,1541.461966,-311.797569,-0.056818,-0.062105,1.849233
2708.0000,1541.253496,1541.353164,-309.796481,-0.151842,-0.155441,2.150179
2709.0000,1541.054908,1541.151893,-307.498866,-0.249601,-0.248218,2.445623
2710.0000,1540.760235,1540.864519,-304.911843,-0.340034,-0.331204,2.730134
2711.0000,1540.375821,1540.484493,-302.040189,-0.417522,-0.431280,3.010368
2712.0000,1539.914406,1540.012100,-298.894962,-0.508468,-0.521458,3.279452
2713.0000,1539.361809,1539.445172,-295.479697,-0.592610,-0.609353,3.548675
2714.0000,1538.722548,1538.802973,-291.813574,-0.690168,-0.673067,3.790818
2715.0000,1537.987815,1538.078293,-287.892505,-0.782232,-0.768170,4.051863
2716.0000,1537.174444,1537.262733,-283.729046,-0.851909,-0.868728,4.273548
2717.0000,1536.276868,1536.354495,-279.340793,-0.944206,-0.945892,4.507290
2718.0000,1535.290951,1535.368982,-274.717916,-1.023619,-1.020719,4.736623
2719.0000,1534.226476,1534.308426,-269.875650,-1.096348,-1.098258,4.944928
2720.0000,1533.080097,1533.163265,-264.835158,-1.185563,-1.185616,5.140473
2721.0000,1531.865943,1531.936922,-259.611233,-1.254984,-1.264709,5.314512
2722.0000,1530.572390,1530.629363,-254.217273,-1.332149,-1.349019,5.481949
2723.0000,1529.203643,1529.244669,-248.654052,-1.403812,-1.421584,5.638580
2724.0000,1527.762434,1527.793447,-242.952382,-1.480435,-1.482143,5.776922
2725.0000,1526.247725,1526.281159,-237.106823,-1.554870,-1.543396,5.910414
2726.0000,1524.662679,1524.700967,-231.138341,-1.619592,-1.615623,6.026682
2727.0000,1523.013190,1523.054639,-225.068177,-1.686075,-1.682122,6.117450
2728.0000,1521.296684,1521.337195,-218.900925,-1.746465,-1.749959,6.214045
2729.0000,1519.515635,1519.555768,-212.646823,-1.808857,-1.812735,6.298221
2730.0000,1517.681800,1517.721547,-206.313774,-1.863724,-1.860658,6.366733
2731.0000,1515.781089,1515.837725,-199.915449,-1.932117,-1.907417,6.427020
2732.0000,1513.824858,1513.895441,-193.472472,-1.982777,-1.975144,6.454375
2733.0000,1511.819134,1511.888819,-187.011731,-2.034004,-2.038448,6.467622
2734.0000,1509.764607,1509.834946,-180.533424,-2.082223,-2.071033,6.487660
2735.0000,1507.664162,1507.732619,-174.044993,-2.117894,-2.130018,6.489257
2736.0000,1505.526211,1505.583188,-167.561622,-2.159752,-2.178782,6.471061
2737.0000,1503.340464,1503.379417,-161.097607,-2.211734,-2.228809,6.459971
2738.0000,1501.106824,1501.136029,-154.663312,-2.259951,-2.259867,6.405264
2739.0000,1498.826179,1498.860583,-148.274967,-2.304587,-2.296198,6.366341
2740.0000,1496.513274,1496.549145,-141.945382,-2.327913,-2.320078,6.299108
2741.0000,1494.164349,1494.210487,-135.683438,-2.363278,-2.358948,6.224371
2742.0000,1491.793210,1491.837417,-129.499193,-2.377244,-2.388584,6.141926
2743.0000,1489.405460,1489.440241,-123.402456,-2.403859,-2.411619,6.044547
2744.0000,1486.988989,1487.020534,-117.410813,-2.432105,-2.434792,5.936329
2745.0000,1484.554938,1484.574076,-111.525062,-2.439080,-2.451531,5.834126
2746.0000,1482.110523,1482.121827,-105.748671,-2.451707,-2.457489,5.710847
2747.0000,1479.658555,1479.658141,-100.096877,-2.465354,-2.471221,5.589998
2748.0000,1477.185019,1477.180680,-94.575697,-2.476883,-2.492800,5.453445
2749.0000,1474.703094,1474.687972,-89.193229,-2.491145,-2.491995,5.311891
2750.0000,1472.204785,1472.192754,-83.958182,-2.502894,-2.499495,5.152970
2751.0000,1469.700203,1469.698188,-78.874164,-2.504867,-2.498054,5.000200
2752.0000,1467.202882,1467.192356,-73.957664,-2.501393,-2.503568,4.832880
2753.0000,1464.698123,1464.694411,-69.201990,-2.505481,-2.490335,4.673011
2754.0000,1462.206372,1462.204788,-64.610301,-2.489702,-2.489109,4.508870
2755.0000,1459.727230,1459.723034,-60.180937,-2.476178,-2.464517,4.346181
2756.0000,1457.252052,1457.261151,-55.922472,-2.467110,-2.452409,4.162089
2757.0000,1454.792817,1454.817940,-51.845754,-2.448116,-2.437336,3.989906
2758.0000,1452.356344,1452.384967,-47.950416,-2.425791,-2.424017,3.805069
2759.0000,1449.946998,1449.972037,-44.228939,-2.402009,-2.399263,3.635942
2760.0000,1447.558145,1447.575159,-40.681316,-2.371410,-2.388718,3.462672
2761.0000,1445.195545,1445.201988,-37.310789,-2.350528,-2.358375,3.279979
2762.0000,1442.856666,1442.860290,-34.111789,-2.324818,-2.317581,3.111485
2763.0000,1440.550018,1440.557022,-31.090348,-2.291928,-2.279460,2.933964
2764.0000,1438.273729,1438.290924,-28.242219,-2.255348,-2.254461,2.759519
2765.0000,1436.041805,1436.060269,-25.555209,-2.218272,-2.216466,2.604251
2766.0000,1433.854562,1433.862674,-23.032400,-2.165543,-2.176222,2.435179
2767.0000,1431.702872,1431.714993,-20.680520,-2.123324,-2.122314,2.268559
2768.0000,1429.605107,1429.612260,-18.499051,-2.069296,-2.091997,2.106111
2769.0000,1427.553826,1427.550230,-16.471642,-2.028040,-2.026347,1.946124
2770.0000,1425.550149,1425.543167,-14.595316,-1.981174,-1.982445,1.797293
2771.0000,1423.599883,1423.586934,-12.863935,-1.923876,-1.931858,1.664004
2772.0000,1421.708247,1421.690312,-11.267420,-1.866374,-1.866026,1.527474
2773.0000,1419.870086,1419.857461,-9.811070,-1.808992,-1.800733,1.381644
2774.0000,1418.090325,1418.082769,-8.489948,-1.750057,-1.754452,1.264701
2775.0000,1416.382715,1416.358589,-7.282597,-1.673569,-1.685218,1.154442
2776.0000,1414.731650,1414.698944,-6.180987,-1.627488,-1.624778,1.042464
2777.0000,1413.146066,1413.110088,-5.191173,-1.545141,-1.550909,0.934322
2778.0000,1411.637838,1411.584217,-4.302674,-1.479396,-1.491963,0.843495
2779.0000,1410.187800,1410.133578,-3.514653,-1.412304,-1.414839,0.741403
2780.0000,1408.811569,1408.756611,-2.819317,-1.347957,-1.329599,0.652657
2781.0000,1407.502114,1407.463652,-2.209817,-1.269833,-1.243829,0.577249
2782.0000,1406.269590,1406.253392,-1.670979,-1.197587,-1.177241,0.495049
2783.0000,1405.114307,1405.114407,-1.214422,-1.110896,-1.102256,0.423557
2784.0000,1404.038008,1404.055336,-0.814380,-1.035780,-1.026682,0.370576
2785.0000,1403.045010,1403.067883,-0.488509,-0.953155,-0.946394,0.298885
2786.0000,1402.140012,1402.162000,-0.209968,-0.858794,-0.866596,0.249232
2787.0000,1401.327252,1401.339490,0.014540,-0.769363,-0.773073,0.205537
2788.0000,1400.601991,1400.600423,0.203896,-0.679668,-0.700906,0.173740
2789.0000,1399.963701,1399.947580,0.357909,-0.602022,-0.605868,0.130203
2790.0000,1399.401699,1399.391030,0.469100,-0.521639,-0.507460,0.093014
2791.0000,1398.919105,1398.923463,0.550945,-0.430373,-0.429708,0.081833
2792.0000,1398.532629,1398.535134,0.624098,-0.335891,-0.345642,0.066594
2793.0000,1398.236436,1398.232482,0.679674,-0.247821,-0.257131,0.042673
2794.0000,1398.034772,1398.024210,0.715958,-0.155372,-0.157144,0.028167
2795.0000,1397.920881,1397.920203,0.742851,-0.069864,-0.054704,0.009529
2796.0000,1397.897891,1397.907475,0.758187,0.027114,0.032111,0.012779
2797.0000,1397.973657,1397.989035,0.775290,0.122738,0.129062,0.019610
2798.0000,1398.144504,1398.166378,0.782669,0.224800,0.230575,-0.001126
2799.0000,1398.415217,1398.442363,0.783909,0.311358,0.319939,0.001006
2800.0000,1398.769353,1398.804268,0.782267,0.401988,0.406514,-0.000487
2801.0000,1399.219705,1399.268250,0.778599,0.491436,0.512984,-0.003857
2802.0000,1399.762120,1399.829502,0.777137,0.591817,0.602125,-0.000026
2803.0000,1400.401781,1400.482001,0.775009,0.684272,0.693611,0.002487
2804.0000,1401.132038,1401.217593,0.777989,0.772349,0.781365,0.010594
2805.0000,1401.952994,1402.048082,0.782417,0.868958,0.874557,0.003676
2806.0000,1402.872077,1402.972133,0.776101,0.967077,0.966277,-0.012582
2807.0000,1403.883970,1403.988886,0.762642,1.050814,1.065228,-0.019084
2808.0000,1404.987115,1405.094038,0.737525,1.151037,1.144330,-0.028636
2809.0000,1406.177468,1406.287784,0.711769,1.238356,1.237542,-0.038353
2810.0000,1407.471366,1407.576427,0.658302,1.342424,1.339612,-0.064410
2811.0000,1408.866536,1408.959557,0.587884,1.440485,1.430872,-0.084764
2812.0000,1410.343139,1410.424555,0.494499,1.519810,1.505324,-0.109085
2813.0000,1411.901218,1411.984383,0.373258,1.607948,1.602567,-0.140651
2814.0000,1413.548859,1413.631298,0.226964,1.684594,1.690855,-0.162663
2815.0000,1415.277234,1415.367794,0.045693,1.763071,1.773495,-0.204394
2816.0000,1417.088762,1417.183290,-0.192942,1.853740,1.855786,-0.268577
2817.0000,1418.984789,1419.079167,-0.486080,1.944448,1.941501,-0.318772
2818.0000,1420.975322,1421.058242,-0.823132,2.034058,2.018324,-0.365386
2819.0000,1423.053033,1423.127184,-1.213270,2.126511,2.112064,-0.419626
2820.0000,1425.213995,1425.280644,-1.668026,2.192519,2.191711,-0.489301
2821.0000,1427.440995,1427.510918,-2.196076,2.266781,2.259158,-0.566202
2822.0000,1429.744168,1429.814106,-2.798940,2.344266,2.348332,-0.641973
2823.0000,1432.131160,1432.198167,-3.481691,2.425523,2.422978,-0.727909
2824.0000,1434.595920,1434.650990,-4.251815,2.499866,2.485864,-0.810093
2825.0000,1437.128886,1437.165412,-5.115231,2.562418,2.544602,-0.920981
2826.0000,1439.718910,1439.743564,-6.089522,2.623113,2.615350,-1.029982
2827.0000,1442.371247,1442.392704,-7.181260,2.685788,2.682630,-1.152074
2828.0000,1445.092203,1445.109298,-8.392194,2.755017,2.755155,-1.273760
2829.0000,1447.870865,1447.896838,-9.726750,2.803533,2.803663,-1.401416
2830.0000,1450.706355,1450.729196,-11.191535,2.869226,2.862910,-1.529806
2831.0000,1453.603689,1453.628390,-12.792491,2.917535,2.938304,-1.667474
2832.0000,1456.549757,1456.600879,-14.534303,2.979332,3.000563,-1.821384
2833.0000,1459.553193,1459.623228,-16.427120,3.037191,3.040607,-1.969069
2834.0000,1462.615930,1462.681699,-18.464372,3.082033,3.076029,-2.103167
2835.0000,1465.719987,1465.785796,-20.645766,3.124823,3.129253,-2.263082
2836.0000,1468.865717,1468.937498,-22.989333,3.162025,3.171964,-2.426091
2837.0000,1472.050339,1472.135780,-25.498045,3.199834,3.222819,-2.586051
2838.0000,1475.272690,1475.374389,-28.171414,3.240732,3.254295,-2.759463
2839.0000,1478.537318,1478.648208,-31.021545,3.283845,3.287106,-2.940679
2840.0000,1481.841603,1481.953888,-34.047150,3.330091,3.324113,-3.116211
2841.0000,1485.177397,1485.294043,-37.246172,3.354933,3.351273,-3.286585
2842.0000,1488.544389,1488.669288,-40.623000,3.382086,3.390628,-3.467167
2843.0000,1491.931521,1492.056650,-44.176583,3.400140,3.398055,-3.640930
2844.0000,1495.352638,1495.476329,-47.906055,3.432111,3.424473,-3.813331
2845.0000,1498.788161,1498.909053,-51.802811,3.445156,3.444087,-3.983649
2846.0000,1502.243895,1502.357401,-55.882659,3.469148,3.461840,-4.171077
2847.0000,1505.711723,1505.827265,-60.132980,3.464773,3.485967,-4.334348
2848.0000,1509.194529,1509.320362,-64.548259,3.485794,3.501052,-4.497383
2849.0000,1512.686841,1512.813138,-69.134874,3.495134,3.483238,-4.670145
2850.0000,1516.184249,1516.298024,-73.884614,3.501218,3.492294,-4.831288
2851.0000,1519.691109,1519.788595,-78.802744,3.513082,3.495283,-4.998121
2852.0000,1523.206485,1523.285532,-83.876367,3.512229,3.490134,-5.152419
2853.0000,1526.706725,1526.772038,-89.100031,3.497053,3.483229,-5.297189
2854.0000,1530.195133,1530.253117,-94.471032,3.483954,3.465671,-5.440484
2855.0000,1533.680635,1533.718090,-99.977435,3.483626,3.462039,-5.573983
2856.0000,1537.153546,1537.180623,-105.620409,3.455785,3.457313,-5.708105
2857.0000,1540.597997,1540.628571,-111.394411,3.437977,3.443964,-5.835082
2858.0000,1544.027185,1544.064679,-117.274834,3.425609,3.425920,-5.933994
2859.0000,1547.440089,1547.473468,-123.262494,3.401336,3.399788,-6.044507
2860.0000,1550.824068,1550.852835,-129.360292,3.365300,3.359791,-6.145991
2861.0000,1554.180161,1554.201122,-135.539518,3.339984,3.337219,-6.216475
2862.0000,1557.512094,1557.524305,-141.793388,3.322795,3.317600,-6.288095
2863.0000,1560.820530,1560.831211,-148.111991,3.292208,3.289931,-6.357609
2864.0000,1564.098356,1564.105367,-154.491396,3.258014,3.258637,-6.391650
2865.0000,1567.332051,1567.347371,-160.915253,3.214523,3.211273,-6.438863
2866.0000,1570.529597,1570.540234,-167.372847,3.172985,3.167510,-6.474046
2867.0000,1573.681620,1573.692840,-173.855664,3.123125,3.129513,-6.488412
2868.0000,1576.778423,1576.801280,-180.336067,3.077905,3.086508,-6.474578
2869.0000,1579.826123,1579.856758,-186.817234,3.017813,3.025185,-6.475619
2870.0000,1582.825043,1582.855940,-193.282786,2.972275,2.976890,-6.446044
2871.0000,1585.771008,1585.805945,-199.710409,2.917421,2.926765,-6.412882
2872.0000,1588.665618,1588.708600,-206.098821,2.869735,2.870813,-6.358087
2873.0000,1591.511546,1591.544912,-212.426738,2.814923,2.804250,-6.295885
2874.0000,1594.297908,1594.325587,-218.684497,2.758759,2.753309,-6.220653
2875.0000,1597.026814,1597.038585,-224.858452,2.695377,2.673650,-6.115252
2876.0000,1599.679517,1599.688728,-230.924967,2.611380,2.626896,-6.022926
2877.0000,1602.260491,1602.279207,-236.884930,2.547766,2.551525,-5.899779
2878.0000,1604.769621,1604.792969,-242.723083,2.469591,2.470742,-5.768572
2879.0000,1607.209429,1607.238840,-248.418227,2.405104,2.412770,-5.616494
2880.0000,1609.573262,1609.613829,-253.967160,2.339812,2.337112,-5.479738
2881.0000,1611.868972,1611.904885,-259.363592,2.254776,2.253887,-5.315376
2882.0000,1614.091612,1614.125164,-264.586920,2.178797,2.188460,-5.129852
2883.0000,1616.229955,1616.279715,-269.617830,2.101585,2.107073,-4.938043
2884.0000,1618.299570,1618.344480,-274.450344,2.024472,2.021758,-4.726003
2885.0000,1620.286846,1620.317722,-279.071525,1.948596,1.925401,-4.511473
2886.0000,1622.191510,1622.206020,-283.473912,1.859577,1.842890,-4.282049
2887.0000,1624.009371,1624.016744,-287.635118,1.767497,1.782095,-4.038372
2888.0000,1625.733783,1625.749722,-291.554847,1.682668,1.682002,-3.792899
2889.0000,1627.376073,1627.389942,-295.229783,1.598980,1.603215,-3.548464
2890.0000,1628.934853,1628.948767,-298.643738,1.511682,1.513495,-3.280466
2891.0000,1630.404388,1630.414718,-301.791239,1.423269,1.419427,-3.008472
2892.0000,1631.781372,1631.787990,-304.656264,1.335039,1.329406,-2.723261
2893.0000,1633.072708,1633.071213,-307.247058,1.243766,1.243243,-2.448102
2894.0000,1634.268126,1634.267143,-309.545480,1.145148,1.149649,-2.155635
2895.0000,1635.369811,1635.372493,-311.556337,1.057427,1.059706,-1.856291
2896.0000,1636.381055,1636.383022,-313.261572,0.970383,0.967252,-1.549012
2897.0000,1637.313885,1637.301224,-314.660012,0.892828,0.870898,-1.242568
2898.0000,1638.162500,1638.129448,-315.753100,0.796436,0.783389,-0.939363
2899.0000,1638.908755,1638.862606,-316.537194,0.700523,0.690842,-0.620839
2900.0000,1639.561278,1639.508847,-317.005350,0.605479,0.608679,-0.313590
2901.0000,1640.113245,1640.059163,-317.166866,0.495070,0.496931,-0.007369
2902.0000,1640.560203,1640.512666,-317.019974,0.404277,0.401617,0.299961
2903.0000,1640.918820,1640.872819,-316.557708,0.306932,0.315370,0.620805
2904.0000,1641.183340,1641.138342,-315.784599,0.221557,0.221681,0.932723
2905.0000,1641.355637,1641.316882,-314.691808,0.130996,0.118855,1.250961
2906.0000,1641.443555,1641.395274,-313.287718,0.043963,0.032834,1.555568
2907.0000,1641.433103,1641.381537,-311.580716,-0.060128,-0.062778,1.848514
2908.0000,1641.331502,1641.266209,-309.583216,-0.144798,-0.160970,2.143871
2909.0000,1641.125864,1641.058002,-307.291494,-0.253754,-0.256502,2.439009
2910.0000,1640.824549,1640.756941,-304.708274,-0.340576,-0.342652,2.730364
2911.0000,1640.438042,1640.370913,-301.835987,-0.427621,-0.424144,3.009417
2912.0000,1639.965029,1639.897730,-298.689220,-0.517939,-0.513642,3.278914
2913.0000,1639.401450,1639.342084,-295.271218,-0.605459,-0.603465,3.548059
2914.0000,1638.753256,1638.692901,-291.599124,-0.695578,-0.688191,3.803968
2915.0000,1638.020774,1637.957173,-287.668585,-0.784599,-0.769962,4.045322
2916.0000,1637.193463,1637.150579,-283.511252,-0.865888,-0.849022,4.281018
2917.0000,1636.289244,1636.256123,-279.115591,-0.946209,-0.947422,4.511349
2918.0000,1635.299586,1635.270723,-274.495859,-1.029276,-1.030418,4.724140
2919.0000,1634.235317,1634.201161,-269.667804,-1.104937,-1.111026,4.932961
2920.0000,1633.088541,1633.054405,-264.635370,-1.186521,-1.181936,5.131112
2921.0000,1631.868011,1631.829355,-259.414882,-1.270585,-1.267621,5.307453
2922.0000,1630.561963,1630.521663,-254.013067,-1.348624,-1.342758,5.482260
2923.0000,1629.182965,1629.145084,-248.457661,-1.420403,-1.403581,5.628635
2924.0000,1627.734272,1627.699773,-242.759102,-1.478840,-1.488701,5.773701
2925.0000,1626.212735,1626.185400,-236.920217,-1.560585,-1.552283,5.910868
2926.0000,1624.618092,1624.598797,-230.954092,-1.625317,-1.610844,6.024029
2927.0000,1622.961213,1622.955009,-224.871284,-1.690958,-1.678896,6.133341
2928.0000,1621.237752,1621.236237,-218.686239,-1.756392,-1.756649,6.232005
2929.0000,1619.454864,1619.455601,-212.419468,-1.809493,-1.809961,6.299546
2930.0000,1617.625354,1617.618838,-206.082485,-1.853265,-1.862605,6.370652
2931.0000,1615.729251,1615.725316,-199.681656,-1.938311,-1.925709,6.420985
2932.0000,1613.765743,1613.771268,-193.250859,-1.987189,-1.983235,6.453920
2933.0000,1611.757270,1611.764057,-186.783171,-2.033801,-2.031092,6.475790
2934.0000,1609.700233,1609.713859,-180.302957,-2.082562,-2.066906,6.481912
2935.0000,1607.597164,1607.623587,-173.824134,-2.117929,-2.122602,6.478422
2936.0000,1605.456408,1605.470978,-167.350701,-2.172687,-2.180779,6.474216
2937.0000,1603.260366,1603.275654,-160.895396,-2.217042,-2.212586,6.438810
2938.0000,1601.026741,1601.039752,-154.474434,-2.244970,-2.250011,6.398871
2939.0000,1598.766260,1598.768563,-148.101864,-2.270892,-2.280316,6.341882
2940.0000,1596.475945,1596.467655,-141.790348,-2.306448,-2.323576,6.283770
2941.0000,1594.144828,1594.131250,-135.546035,-2.353784,-2.350237,6.211243
2942.0000,1591.776092,1591.769789,-129.370877,-2.386418,-2.380557,6.138623
2943.0000,1589.377051,1589.375362,-123.278097,-2.406686,-2.406081,6.033929
2944.0000,1586.964212,1586.955720,-117.291659,-2.417557,-2.424505,5.939565
2945.0000,1584.533106,1584.518131,-111.407970,-2.445920,-2.452087,5.822289
2946.0000,1582.080504,1582.057588,-105.640931,-2.464500,-2.461343,5.710137
2947.0000,1579.611473,1579.586924,-99.989933,-2.465897,-2.476854,5.587129
2948.0000,1577.131628,1577.108884,-94.469806,-2.490162,-2.483953,5.440853
2949.0000,1574.642963,1574.618587,-89.098530,-2.486571,-2.493718,5.288106
2950.0000,1572.156001,1572.134705,-83.885377,-2.491884,-2.481703,5.141252
2951.0000,1569.655494,1569.649210,-78.818591,-2.516270,-2.495483,4.994645
2952.0000,1567.148539,1567.152136,-73.897784,-2.509677,-2.493882,4.838767
2953.0000,1564.640322,1564.661369,-69.140323,-2.501868,-2.488720,4.677659
2954.0000,1562.142689,1562.172165,-64.548366,-2.482438,-2.496433,4.500936
2955.0000,1559.662672,1559.685140,-60.128173,-2.478144,-2.485573,4.333823
2956.0000,1557.192655,1557.220368,-55.879776,-2.469249,-2.450778,4.155760
2957.0000,1554.735735,1554.772254,-51.812600,-2.450187,-2.446321,3.980015
2958.0000,1552.299441,1552.340790,-47.916960,-2.416415,-2.430890,3.811958
2959.0000,1549.892041,1549.920542,-44.187081,-2.400179,-2.407707,3.639949
2960.0000,1547.500494,1547.522851,-40.639191,-2.380911,-2.386046,3.454051
2961.0000,1545.135214,1545.151156,-37.270511,-2.341870,-2.357988,3.283195
2962.0000,1542.800635,1542.804072,-34.070805,-2.329986,-2.334716,3.121818
2963.0000,1540.492889,1540.496553,-31.046390,-2.289625,-2.283082,2.934894
2964.0000,1538.216445,1538.231817,-28.194118,-2.259836,-2.237549,2.770222
2965.0000,1535.974121,1536.010321,-25.514301,-2.217206,-2.193772,2.593111
2966.0000,1533.788771,1533.830674,-22.994060,-2.166745,-2.162074,2.433961
2967.0000,1531.638073,1531.690585,-20.639174,-2.130212,-2.126417,2.269795
2968.0000,1529.534027,1529.579826,-18.448264,-2.085753,-2.085064,2.117776
2969.0000,1527.478269,1527.524083,-16.406950,-2.023954,-2.026107,1.962958
2970.0000,1525.476199,1525.525741,-14.518829,-1.968798,-1.970762,1.815530
2971.0000,1523.531556,1523.584854,-12.777432,-1.920058,-1.913801,1.665598
2972.0000,1521.640049,1521.699745,-11.183326,-1.858265,-1.863217,1.529895
2973.0000,1519.811561,1519.864165,-9.718114,-1.792784,-1.802267,1.405726
2974.0000,1518.040104,1518.088532,-8.369765,-1.738007,-1.742842,1.287170
2975.0000,1516.321000,1516.375301,-7.153819,-1.691470,-1.678777,1.155017
2976.0000,1514.664329,1514.728718,-6.057093,-1.627238,-1.619879,1.037392
2977.0000,1513.067820,1513.141980,-5.066720,-1.563205,-1.551369,0.932253
2978.0000,1511.543714,1511.615824,-4.188081,-1.476732,-1.491288,0.828439
2979.0000,1510.095642,1510.152927,-3.406860,-1.409162,-1.430917,0.738277
2980.0000,1508.725511,1508.767573,-2.713140,-1.332679,-1.347105,0.652971
2981.0000,1507.432562,1507.465396,-2.097718,-1.258231,-1.258889,0.572372
2982.0000,1506.202054,1506.247615,-1.562846,-1.188398,-1.176103,0.485364
2983.0000,1505.056731,1505.106438,-1.117506,-1.112676,-1.103027,0.406376
2984.0000,1503.986710,1504.039852,-0.735542,-1.025254,-1.033883,0.349284
2985.0000,1503.005410,1503.045359,-0.415925,-0.937302,-0.953908,0.292191
2986.0000,1502.110323,1502.130263,-0.149784,-0.861800,-0.866126,0.247434
2987.0000,1501.287505,1501.309792,0.078394,-0.775093,-0.769400,0.209680
2988.0000,1500.549004,1500.581412,0.269483,-0.702017,-0.682879,0.169664
2989.0000,1499.894356,1499.940530,0.419895,-0.609774,-0.598930,0.134146
2990.0000,1499.329639,1499.384359,0.539164,-0.517467,-0.512336,0.111827
2991.0000,1498.856463,1498.919347,0.638131,-0.423782,-0.424108,0.077218
2992.0000,1498.479508,1498.533139,0.711192,-0.331664,-0.340334,0.062210
2993.0000,1498.193730,1498.240531,0.761434,-0.232554,-0.230059,0.049698
2994.0000,1498.002417,1498.043185,0.802009,-0.132373,-0.154976,0.031464
2995.0000,1497.905876,1497.934449,0.832703,-0.050848,-0.068969,0.027786
2996.0000,1497.901408,1497.924513,0.853580,0.035718,0.040879,0.014326
2997.0000,1497.981640,1498.010885,0.865022,0.133192,0.130429,0.008652
2998.0000,1498.149263,1498.185603,0.872937,0.215854,0.217048,0.004395
2999.0000,1498.410396,1498.446155,0.874062,0.308571,0.310318,-0.001620
3000.0000,1498.767419,1498.801515,0.877397,0.398104,0.411221,0.005981
